1,6312,4,False
1,6891,5,True
1,4243,2,False
1,7962,1,False
1,4970,1,False
2,5867,2,False
2,3579,2,False
2,2282,2,False
2,2290,5,False
2,1554,3,False
3,4105,2,False
3,9862,5,True
3,5082,3,True
3,1209,1,False
3,5410,1,False
4,9172,5,True
4,5797,4,False
4,5181,4,False
4,3351,4,False
4,7816,5,False
5,8542,4,False
5,1021,5,False
5,231,5,True
5,6535,1,False
5,19,2,False
6,8087,4,False
6,3997,3,False
6,5329,1,False
6,1032,3,True
6,9299,5,False
7,3910,5,True
7,8897,3,False
7,1495,1,True
7,5244,5,False
7,8017,4,True
8,4939,2,False
8,4770,2,False
8,2045,4,False
8,5452,2,False
8,3330,1,False
9,8966,2,False
9,4713,4,False
9,1502,3,False
9,6307,4,False
9,9432,2,False
10,4757,4,True
10,3103,4,True
10,541,3,False
10,4261,2,False
10,1132,1,True
11,2134,2,True
11,634,5,True
11,8858,3,False
11,6411,5,False
11,8595,1,False
12,8550,4,False
12,3526,5,False
12,9664,2,False
12,9498,3,False
12,7383,2,False
13,5856,2,True
13,5314,2,False
13,1890,3,False
13,9619,5,False
13,5494,5,True
14,3982,3,True
14,4441,2,True
14,3613,5,False
14,2794,2,False
14,6982,1,True
15,1649,5,True
15,3585,2,True
15,9403,3,False
15,8753,3,False
15,1213,3,True
16,2039,2,False
16,3089,5,False
16,9437,4,True
16,6410,3,True
16,6065,3,True
17,597,4,False
17,355,5,True
17,3031,2,False
17,2030,1,False
17,3451,2,False
18,1001,4,False
18,374,2,False
18,6974,4,False
18,1663,5,False
18,1147,3,False
19,1180,3,False
19,4933,2,False
19,7145,2,True
19,1001,4,False
19,7654,5,True
20,9773,1,True
20,6411,5,False
20,4263,1,False
20,7705,2,False
20,2776,4,False
21,3333,3,False
21,952,2,False
21,2593,1,True
21,5609,4,False
21,4108,2,True
22,9778,5,False
22,2865,2,True
22,7728,2,False
22,6716,5,False
22,8333,4,False
23,5852,1,False
23,4112,4,True
23,9185,2,False
23,204,2,False
23,1296,5,False
24,749,3,False
24,4602,3,True
24,3935,3,False
24,7895,2,False
24,9997,5,False
25,5886,2,False
25,2169,1,False
25,5084,1,False
25,6790,1,False
25,1323,5,True
26,9742,5,True
26,5479,5,True
26,3923,2,False
26,7343,1,False
26,9309,5,False
27,517,5,False
27,9298,2,False
27,767,5,True
27,7297,5,True
27,4248,5,False
28,2584,3,False
28,8644,4,False
28,9199,2,False
28,2,3,True
28,8104,4,False
29,5113,5,False
29,817,1,False
29,3081,4,False
29,1368,5,False
29,2139,5,True
30,6584,3,False
30,6841,1,False
30,56,1,False
30,235,3,False
30,39,5,False
31,8657,2,False
31,1603,5,True
31,1949,5,False
31,3253,5,False
31,4588,1,False
32,2986,5,True
32,7793,1,False
32,1333,4,True
32,4501,1,False
32,1897,1,False
33,2186,4,False
33,8534,3,False
33,5687,4,True
33,2531,4,False
33,305,2,True
34,667,2,False
34,4255,3,False
34,5157,2,False
34,9298,3,True
34,9955,1,False
35,8102,1,False
35,7515,3,False
35,7135,2,False
35,8814,5,True
35,3406,2,False
36,9620,4,False
36,146,4,True
36,2475,3,False
36,5463,4,False
36,6017,2,False
37,1536,5,False
37,585,1,True
37,4418,3,True
37,2449,4,False
37,4744,1,False
38,6469,5,False
38,2125,4,False
38,1883,5,False
38,3928,1,True
38,5045,1,True
39,8570,2,False
39,1162,5,False
39,6606,2,False
39,4903,5,False
39,1781,3,True
40,9189,4,False
40,7767,1,False
40,5631,5,True
40,7850,3,True
40,8155,3,False
41,620,3,False
41,5490,4,False
41,2551,1,True
41,9249,2,False
41,1425,3,True
42,1388,2,False
42,3622,1,True
42,6305,4,True
42,1607,4,False
42,9118,5,False
43,4749,4,False
43,8006,2,False
43,3560,3,False
43,1371,3,False
43,3607,3,False
44,9589,3,False
44,2730,2,False
44,3145,3,False
44,1885,2,True
44,453,1,False
45,7400,2,False
45,3305,1,True
45,8145,5,False
45,4203,4,False
45,690,1,False
46,2398,4,True
46,3244,4,False
46,6194,4,False
46,8953,3,True
46,1717,1,False
47,7994,4,True
47,9240,1,False
47,6935,3,False
47,8117,4,False
47,5284,3,False
48,8170,5,False
48,3310,2,False
48,9991,4,False
48,160,5,False
48,5215,3,False
49,582,5,False
49,2431,5,False
49,9873,1,True
49,6210,4,False
49,4824,3,False
50,7708,3,True
50,1387,5,False
50,646,5,True
50,3688,5,True
50,666,5,False
51,251,1,False
51,7350,1,False
51,2633,3,True
51,7549,3,False
51,8274,3,False
52,8681,3,False
52,551,4,False
52,1486,1,False
52,8487,1,False
52,9833,2,True
53,6986,4,False
53,3377,5,False
53,8773,5,False
53,6846,3,False
53,6367,4,False
54,9608,1,False
54,336,5,False
54,4,3,False
54,2982,3,False
54,8305,2,False
55,4170,2,False
55,1076,4,False
55,4293,1,False
55,6686,3,False
55,6287,4,True
56,2684,5,False
56,2087,4,False
56,4704,4,False
56,5473,4,True
56,589,5,False
57,6847,4,True
57,8059,3,False
57,1338,3,False
57,2481,2,False
57,6737,1,True
58,7640,5,False
58,7519,2,True
58,1663,5,False
58,2481,2,True
58,532,3,False
59,2175,4,False
59,5307,1,True
59,8998,2,False
59,5680,1,True
59,6282,2,False
60,8034,2,True
60,986,4,False
60,7655,2,False
60,5536,3,False
60,2037,1,False
61,4856,2,True
61,6352,3,False
61,1992,1,False
61,3099,5,True
61,6423,1,False
62,6088,2,False
62,3121,1,False
62,5842,5,False
62,1235,5,True
62,656,5,False
63,4185,2,True
63,8521,4,False
63,9327,2,False
63,3539,4,False
63,1532,3,False
64,8232,5,False
64,8581,4,False
64,8309,2,False
64,1859,4,True
64,6980,5,False
65,6915,3,True
65,1717,3,False
65,1031,1,True
65,6803,3,False
65,2559,4,False
66,504,3,False
66,7063,2,False
66,6833,1,True
66,8137,4,False
66,4139,2,True
67,5776,5,True
67,1989,3,False
67,482,3,False
67,5700,2,True
67,164,4,False
68,5994,1,True
68,9775,4,True
68,3408,2,True
68,3356,5,False
68,2019,1,False
69,118,4,False
69,6048,5,False
69,404,2,False
69,3816,5,True
69,3064,4,False
70,1842,3,False
70,5644,1,False
70,4231,4,True
70,458,1,False
70,5935,3,False
71,7756,3,False
71,4856,1,False
71,5358,5,True
71,9717,1,True
71,1681,1,False
72,9517,2,False
72,2563,2,False
72,2408,3,True
72,3651,2,False
72,8329,2,False
73,3878,1,False
73,3014,4,False
73,6103,5,False
73,758,1,True
73,9851,4,True
74,6453,5,True
74,1200,1,True
74,6886,3,False
74,9024,5,False
74,2332,4,False
75,6918,5,False
75,5810,1,True
75,4065,2,False
75,6050,2,False
75,8671,5,True
76,6168,2,False
76,139,5,False
76,5254,5,False
76,3343,5,False
76,4806,2,False
77,1492,5,True
77,1780,4,False
77,1838,4,False
77,9922,2,False
77,2522,3,False
78,7310,1,False
78,3038,5,False
78,6910,3,False
78,2863,4,False
78,7430,5,False
79,8575,1,True
79,5823,2,False
79,1418,1,False
79,3337,3,False
79,31,5,False
80,7358,1,False
80,7570,1,True
80,3584,2,False
80,1876,3,False
80,4935,4,False
81,9981,4,True
81,6951,5,False
81,7724,5,True
81,8154,2,False
81,3808,3,False
82,6641,1,False
82,355,1,True
82,4425,5,False
82,665,1,True
82,4204,3,False
83,8620,4,False
83,6492,3,False
83,1672,3,False
83,4139,3,False
83,4644,4,False
84,3212,1,False
84,1397,2,True
84,1155,1,False
84,5008,3,False
84,5569,1,True
85,8687,3,False
85,2680,3,True
85,6797,2,False
85,4633,5,False
85,2203,1,False
86,8570,1,False
86,3446,4,False
86,1726,5,False
86,8906,1,False
86,4565,1,False
87,7248,2,False
87,9310,4,False
87,2258,2,True
87,2021,3,False
87,1975,2,False
88,6574,2,False
88,7667,2,True
88,9169,3,False
88,4899,1,False
88,7745,5,False
89,6802,3,False
89,7811,5,False
89,8218,2,False
89,8073,1,False
89,987,1,False
90,4919,1,True
90,8119,1,True
90,3535,5,True
90,5823,2,False
90,6406,4,True
91,8632,4,True
91,1334,2,False
91,6474,2,True
91,5920,1,True
91,1904,2,False
92,62,4,False
92,4793,5,False
92,3715,5,True
92,9386,3,False
92,3133,1,True
93,7111,4,False
93,5410,4,False
93,2757,5,False
93,6910,1,False
93,7132,3,True
94,7329,3,False
94,2417,5,False
94,5179,1,True
94,3423,2,True
94,7277,3,False
95,6372,5,False
95,8061,4,False
95,3608,5,False
95,7198,2,False
95,9610,5,False
96,816,3,False
96,546,3,False
96,1388,1,True
96,5958,2,True
96,2841,4,False
97,4875,1,False
97,1420,1,False
97,8391,2,False
97,4661,3,False
97,5785,5,False
98,7509,4,True
98,8457,3,False
98,8966,1,False
98,7056,2,False
98,7449,5,False
99,4174,1,False
99,7794,3,False
99,5525,2,False
99,692,2,True
99,862,4,True
100,5732,2,True
100,4749,5,False
100,117,4,True
100,1044,3,False
100,3640,5,False
101,6497,2,False
101,3621,1,False
101,3160,1,False
101,9967,5,True
101,9935,1,True
102,5227,4,False
102,8781,2,False
102,5328,5,False
102,473,2,False
102,727,3,True
103,6041,5,True
103,3434,1,False
103,5665,3,True
103,3304,5,False
103,4937,3,False
104,8469,4,False
104,4173,1,False
104,5636,2,False
104,3932,4,True
104,5011,4,False
105,1186,3,True
105,7552,4,False
105,7180,3,True
105,6753,2,False
105,7546,4,False
106,1936,5,True
106,1335,2,False
106,1618,4,False
106,2520,4,False
106,3498,3,False
107,1264,4,False
107,9159,5,False
107,6464,1,True
107,2956,5,False
107,8029,1,False
108,2099,1,False
108,5769,1,False
108,7125,1,True
108,9127,3,False
108,9996,4,False
109,3297,4,False
109,4861,3,False
109,7239,3,False
109,9907,3,False
109,8785,4,False
110,4277,2,False
110,3798,3,True
110,1946,4,False
110,1621,3,True
110,6794,4,False
111,3573,3,False
111,106,1,False
111,8775,4,False
111,7017,3,True
111,1996,5,False
112,4465,4,True
112,9252,1,False
112,3762,4,False
112,8957,2,False
112,4624,5,False
113,3935,4,True
113,8490,2,False
113,5363,2,False
113,6115,1,False
113,7869,5,False
114,9537,2,True
114,2250,4,True
114,9063,1,False
114,5373,2,False
114,9592,2,False
115,415,4,True
115,6482,1,True
115,2897,2,False
115,1253,1,True
115,3384,2,False
116,8139,3,False
116,3498,2,False
116,2165,3,False
116,6302,1,False
116,9970,5,False
117,2172,2,False
117,8167,4,True
117,427,5,False
117,9767,2,False
117,8016,2,False
118,5058,1,True
118,3606,5,False
118,2672,5,False
118,8106,1,False
118,7880,2,False
119,5144,5,False
119,1291,5,False
119,2252,1,False
119,6584,3,False
119,3131,3,False
120,4780,1,False
120,970,1,False
120,628,3,False
120,4090,2,False
120,7229,5,False
121,3702,2,False
121,5639,1,False
121,2660,3,False
121,279,4,False
121,9398,5,False
122,954,3,False
122,2478,2,False
122,361,4,False
122,1005,3,True
122,3957,1,True
123,204,5,False
123,5353,3,True
123,1023,1,False
123,6925,2,True
123,3548,1,False
124,7131,4,True
124,5867,1,False
124,2899,3,False
124,5388,2,False
124,6696,3,False
125,158,5,False
125,4322,4,False
125,8706,5,False
125,7581,4,False
125,688,2,False
126,2009,1,False
126,6395,4,True
126,51,2,False
126,2265,1,False
126,8421,5,False
127,2428,5,True
127,5408,3,False
127,2889,5,False
127,361,2,True
127,9199,5,True
128,1286,1,False
128,9796,3,True
128,7496,3,False
128,2459,5,False
128,9863,5,True
129,4137,1,False
129,6169,1,True
129,596,1,False
129,1469,1,False
129,4797,4,False
130,2471,3,False
130,3870,2,False
130,5830,5,True
130,6631,4,False
130,4422,3,False
131,6433,2,True
131,5092,5,False
131,4723,4,False
131,7683,1,True
131,8713,1,False
132,9046,1,False
132,628,1,False
132,6473,2,False
132,1967,5,False
132,5679,5,False
133,839,4,True
133,4474,3,False
133,562,3,False
133,9536,5,False
133,4748,4,False
134,3394,4,False
134,8672,3,False
134,5576,5,False
134,4107,4,False
134,1901,5,False
135,5398,2,False
135,9604,2,False
135,8730,1,False
135,5790,5,True
135,2508,1,False
136,149,3,False
136,840,4,False
136,2559,3,False
136,5951,5,False
136,4808,3,False
137,8108,1,False
137,9842,4,False
137,2786,4,True
137,2307,3,False
137,715,3,False
138,2062,2,False
138,153,4,False
138,7872,4,False
138,4221,1,False
138,3075,1,True
139,8993,1,False
139,4567,3,True
139,8676,5,True
139,1037,4,False
139,2579,3,False
140,1804,5,False
140,8904,1,False
140,6303,3,False
140,7122,4,False
140,5102,3,False
141,224,4,False
141,4595,5,False
141,8813,5,False
141,9086,3,False
141,5608,2,True
142,7073,3,True
142,98,5,False
142,8378,1,True
142,9229,1,False
142,5914,4,False
143,596,1,False
143,6745,2,False
143,3741,2,True
143,5935,2,False
143,2598,4,False
144,3187,1,False
144,5808,2,False
144,8143,2,True
144,4083,5,False
144,3967,1,False
145,3034,4,False
145,6881,1,True
145,9391,1,False
145,3879,3,False
145,7368,2,False
146,1646,4,True
146,2695,4,False
146,1069,1,False
146,6468,3,False
146,4141,3,False
147,5836,2,False
147,5371,1,True
147,5031,2,True
147,8070,2,True
147,4106,4,False
148,6520,5,False
148,7138,3,False
148,6378,4,False
148,630,3,False
148,7624,3,False
149,9320,2,True
149,9248,4,False
149,4561,2,False
149,399,1,False
149,7762,5,False
150,2218,5,True
150,1336,4,False
150,5693,1,False
150,74,5,True
150,3126,2,False
151,1816,3,False
151,8858,1,False
151,707,2,False
151,416,5,False
151,6434,5,True
152,4507,2,False
152,2329,4,False
152,2417,5,False
152,5016,1,False
152,981,4,True
153,2055,2,True
153,7879,4,False
153,766,3,False
153,8514,2,True
153,9093,4,False
154,6345,3,True
154,5648,2,False
154,1357,5,True
154,9172,4,True
154,4352,5,False
155,4276,3,False
155,4160,1,False
155,8478,4,False
155,2543,4,False
155,7354,3,False
156,2504,3,True
156,9593,3,True
156,8393,3,True
156,5179,1,True
156,3161,1,False
157,7481,2,False
157,3912,4,False
157,8557,2,True
157,5467,4,False
157,2210,4,False
158,9109,3,True
158,8904,1,True
158,8482,1,False
158,41,4,False
158,1311,5,True
159,7008,3,False
159,5773,4,False
159,7399,1,False
159,6195,5,False
159,5932,5,False
160,1948,1,True
160,5192,5,True
160,2992,2,False
160,2050,4,True
160,5536,5,False
161,3168,5,True
161,6781,3,False
161,1017,2,False
161,5100,3,False
161,856,2,False
162,2756,1,False
162,1269,3,False
162,885,3,False
162,5816,4,False
162,4192,4,False
163,5075,2,False
163,7433,5,False
163,2961,1,True
163,7434,2,False
163,3122,3,False
164,1051,1,False
164,1578,2,True
164,430,2,False
164,350,5,True
164,6616,1,False
165,224,4,False
165,7479,4,False
165,8127,2,False
165,1319,1,True
165,8776,3,False
166,4297,3,True
166,8452,1,True
166,1313,2,False
166,5875,2,True
166,7724,3,True
167,2528,1,False
167,4704,1,True
167,12,5,False
167,5533,3,True
167,8984,1,False
168,2407,3,True
168,2861,3,False
168,2605,1,False
168,3975,2,False
168,5379,3,True
169,7913,5,False
169,6523,4,True
169,3710,2,False
169,4614,5,False
169,2786,4,False
170,5769,1,False
170,2681,1,False
170,7585,5,False
170,9264,4,True
170,6333,4,False
171,221,1,True
171,9563,5,True
171,6389,2,False
171,2818,3,True
171,320,1,True
172,5298,1,False
172,61,3,True
172,774,1,False
172,1834,5,False
172,2420,3,False
173,2510,1,False
173,6224,2,True
173,6861,3,False
173,9307,4,False
173,5455,5,False
174,4063,5,True
174,5965,2,False
174,3550,5,False
174,6560,5,True
174,2127,2,False
175,9276,4,False
175,5745,2,True
175,7071,4,False
175,4025,4,False
175,6255,2,False
176,6470,4,False
176,7884,3,False
176,9526,5,True
176,4135,5,False
176,8628,2,False
177,8886,4,True
177,9897,5,False
177,7776,5,False
177,4527,1,True
177,5269,4,False
178,1748,5,False
178,799,3,True
178,6430,5,True
178,6899,4,False
178,6441,3,False
179,1718,2,False
179,7548,2,False
179,7570,4,True
179,2779,4,False
179,7772,3,False
180,2606,2,False
180,4649,5,False
180,8251,4,True
180,6034,1,False
180,2338,2,False
181,5860,2,False
181,7745,5,False
181,8499,4,False
181,884,4,False
181,4222,1,True
182,9564,1,False
182,4851,5,False
182,680,3,False
182,9035,5,False
182,572,2,False
183,6727,1,False
183,6147,5,False
183,3411,2,False
183,2199,1,True
183,1808,3,False
184,5849,2,True
184,512,3,False
184,9449,4,False
184,7595,4,True
184,1276,1,False
185,6971,2,False
185,9076,2,True
185,2773,2,True
185,3400,4,True
185,3740,1,True
186,8607,5,True
186,8079,3,False
186,4720,1,False
186,5492,5,False
186,1942,3,False
187,4289,2,True
187,5612,4,False
187,8218,2,False
187,8735,4,False
187,2369,4,False
188,9101,4,False
188,3843,5,False
188,5678,5,False
188,7722,2,False
188,5017,1,False
189,6657,5,True
189,2524,3,True
189,81,4,False
189,9757,2,False
189,8473,5,True
190,3358,1,False
190,9882,5,False
190,1822,1,False
190,2763,2,False
190,1399,4,True
191,172,5,True
191,5934,5,False
191,7876,1,False
191,1772,5,False
191,7416,3,False
192,9573,2,False
192,4160,2,False
192,7972,4,False
192,3748,3,True
192,9202,4,False
193,1277,2,False
193,8323,5,True
193,423,1,False
193,2734,3,False
193,6700,2,False
194,3410,3,False
194,6636,4,False
194,347,5,False
194,2200,5,False
194,2808,3,False
195,9257,1,True
195,6145,1,True
195,9638,4,False
195,5481,1,False
195,8304,3,False
196,641,2,False
196,1668,4,False
196,8315,2,False
196,9025,3,False
196,6457,4,False
197,4347,1,True
197,3765,4,False
197,5970,5,True
197,4956,3,False
197,2354,1,False
198,1128,1,True
198,7834,5,False
198,9276,3,False
198,9112,4,True
198,4351,5,False
199,3763,4,True
199,4862,3,True
199,5890,2,True
199,2272,4,False
199,930,3,False
200,2242,3,False
200,9155,1,False
200,116,5,True
200,6625,1,False
200,9859,2,False
201,1754,3,False
201,9168,5,False
201,5621,5,True
201,85,5,False
201,3714,2,False
202,5104,5,False
202,3681,5,True
202,8121,1,False
202,8340,3,False
202,1502,2,True
203,4994,2,False
203,6919,5,False
203,6022,5,False
203,2384,3,False
203,4717,3,False
204,7883,2,False
204,5885,4,False
204,6298,3,False
204,2120,2,False
204,1958,2,False
205,5818,2,False
205,7717,2,False
205,6127,1,False
205,5878,3,False
205,4546,1,False
206,6568,4,False
206,4639,4,True
206,7860,5,False
206,1977,3,False
206,2528,5,False
207,3991,4,False
207,3063,5,False
207,8181,5,False
207,1802,2,False
207,6290,1,False
208,7616,5,False
208,7566,5,False
208,3616,5,False
208,6542,1,False
208,5099,3,False
209,3812,2,False
209,8486,2,False
209,27,5,True
209,7730,5,False
209,6460,4,False
210,7068,5,True
210,9428,4,False
210,663,1,False
210,1532,3,False
210,3282,4,False
211,5355,2,True
211,1854,3,True
211,5967,1,True
211,3830,1,True
211,133,2,False
212,8759,2,True
212,2125,3,True
212,9907,4,False
212,3267,2,True
212,7637,5,False
213,25,2,False
213,6803,2,True
213,8798,3,True
213,3839,3,False
213,6807,3,False
214,7778,2,True
214,7141,3,False
214,6247,1,False
214,675,1,False
214,4413,5,True
215,9549,5,False
215,6021,2,False
215,7437,2,False
215,2202,5,False
215,8472,5,True
216,4125,1,True
216,1696,2,False
216,396,4,False
216,2325,2,False
216,2227,1,False
217,3393,1,False
217,5236,3,False
217,6901,5,False
217,8199,3,True
217,9169,4,True
218,7777,5,True
218,8340,4,False
218,7698,5,True
218,7454,1,False
218,5568,4,True
219,6820,2,False
219,6181,5,True
219,9257,4,False
219,5499,2,False
219,7436,5,False
220,5752,5,False
220,6723,3,True
220,7324,4,False
220,99,5,False
220,6634,5,False
221,7309,5,False
221,7037,3,False
221,4149,3,False
221,7784,1,True
221,3740,1,False
222,4646,4,False
222,7966,3,False
222,2439,2,False
222,1435,3,True
222,4914,4,False
223,2012,3,True
223,2542,4,False
223,602,5,False
223,2628,1,False
223,7678,1,False
224,3075,5,False
224,8129,4,True
224,2745,4,False
224,773,4,False
224,5554,1,False
225,8535,5,True
225,5375,2,True
225,8507,1,False
225,9741,5,False
225,7112,5,True
226,8085,1,False
226,9351,1,False
226,9799,3,False
226,540,3,False
226,7992,5,False
227,5205,2,False
227,3218,5,True
227,714,1,True
227,2199,1,False
227,7262,1,False
228,9994,5,False
228,1787,2,False
228,8450,4,False
228,4693,2,False
228,5541,5,False
229,3149,1,True
229,6106,4,False
229,5842,2,False
229,7179,2,False
229,7191,4,False
230,5203,3,False
230,1104,3,True
230,3601,5,False
230,1857,2,False
230,2553,1,False
231,7601,2,False
231,8858,1,False
231,6028,4,False
231,764,4,True
231,6655,1,False
232,1435,4,False
232,9593,4,False
232,6741,3,False
232,3449,1,False
232,68,2,False
233,2235,5,False
233,8024,5,False
233,6229,5,False
233,8802,5,True
233,1283,4,False
234,8074,1,False
234,251,2,False
234,6871,1,False
234,5899,4,False
234,1372,3,False
235,381,3,False
235,3918,2,False
235,457,2,False
235,8400,1,False
235,2513,5,False
236,4234,5,True
236,9725,4,False
236,4563,4,False
236,6271,1,False
236,8304,1,False
237,3741,3,False
237,4324,3,True
237,722,2,True
237,5170,3,False
237,9572,1,False
238,7947,3,True
238,8640,2,False
238,7123,2,False
238,6317,1,False
238,398,1,True
239,7115,3,False
239,2189,5,False
239,2323,3,True
239,1949,4,False
239,7042,3,False
240,521,4,False
240,4457,3,False
240,6297,2,True
240,5634,5,False
240,6124,3,False
241,3106,3,False
241,8876,4,False
241,977,1,False
241,8445,1,False
241,229,3,True
242,8118,3,True
242,4225,1,False
242,2256,1,False
242,1628,1,False
242,9196,3,False
243,1109,4,False
243,9348,4,True
243,8532,4,True
243,9605,2,True
243,7951,5,True
244,8524,5,False
244,5691,4,True
244,9139,4,False
244,3555,4,True
244,3771,4,False
245,3300,2,False
245,7193,1,False
245,2589,2,False
245,5711,1,False
245,3290,5,False
246,7631,5,False
246,2105,1,False
246,9194,5,False
246,8,3,True
246,5376,2,False
247,5297,5,True
247,1386,3,False
247,232,4,False
247,1879,5,True
247,4511,3,False
248,8401,3,False
248,5675,1,False
248,1457,2,False
248,8237,4,False
248,6704,3,True
249,1317,1,False
249,7586,2,False
249,2854,4,False
249,3950,2,False
249,7160,2,False
250,4698,4,True
250,376,4,True
250,4413,2,True
250,5131,1,False
250,8976,5,False
251,4710,5,True
251,4077,4,False
251,8465,2,True
251,4253,5,False
251,919,5,False
252,6859,5,False
252,9543,4,False
252,4153,2,False
252,8730,4,False
252,7354,2,False
253,2014,4,False
253,6136,3,True
253,8532,4,True
253,3785,5,False
253,7821,4,False
254,502,2,False
254,1329,2,False
254,1613,5,True
254,2109,1,False
254,249,3,False
255,5934,5,False
255,6782,2,True
255,8640,4,False
255,8190,5,False
255,4400,5,False
256,7070,4,False
256,957,2,True
256,8590,2,False
256,3318,4,False
256,2477,1,False
257,4929,1,True
257,3053,4,False
257,4103,5,False
257,447,4,True
257,3812,1,False
258,6839,3,False
258,2570,4,False
258,9175,3,True
258,9526,1,False
258,2753,4,False
259,4063,3,False
259,4906,1,False
259,345,3,False
259,7552,3,False
259,1022,5,False
260,2750,5,False
260,8283,1,False
260,3482,2,False
260,8737,1,False
260,8081,3,True
261,2078,3,True
261,8730,3,True
261,1340,1,True
261,3982,5,False
261,6486,2,False
262,4519,3,False
262,5658,5,False
262,6493,4,False
262,1256,3,False
262,2585,2,False
263,3976,1,False
263,3439,4,True
263,880,4,False
263,1099,3,False
263,7312,4,False
264,7383,1,False
264,2204,4,False
264,8351,5,False
264,222,2,False
264,2421,5,False
265,5866,2,False
265,4872,2,False
265,4154,4,True
265,369,4,False
265,3271,2,False
266,6503,1,False
266,7759,3,False
266,7216,4,True
266,7790,3,False
266,5438,1,False
267,9882,5,False
267,6486,2,False
267,6575,5,False
267,8217,1,False
267,9253,1,False
268,3094,4,False
268,3546,4,False
268,8428,2,True
268,8351,5,True
268,9788,5,False
269,8712,3,False
269,8296,5,False
269,7797,2,False
269,4244,3,False
269,4943,2,False
270,8630,1,True
270,3184,5,False
270,7518,1,False
270,1127,2,True
270,3298,2,False
271,1692,3,False
271,18,4,False
271,3032,3,False
271,2845,3,False
271,5905,1,False
272,4386,3,True
272,271,3,True
272,9955,2,True
272,5086,5,False
272,6440,3,False
273,5952,1,False
273,1439,5,False
273,7077,1,True
273,406,3,False
273,2822,4,True
274,9731,4,False
274,4466,4,False
274,3418,1,False
274,3225,5,False
274,3023,4,True
275,8132,4,False
275,2477,1,False
275,9690,4,False
275,6680,2,False
275,3715,4,True
276,888,1,False
276,9904,5,True
276,2221,1,False
276,1397,4,False
276,5085,4,False
277,3098,4,False
277,1008,1,False
277,2264,5,False
277,4496,5,False
277,7885,1,False
278,5417,2,False
278,1277,4,False
278,2615,4,True
278,8396,5,False
278,9158,5,False
279,6629,5,False
279,7337,4,False
279,2606,2,False
279,6868,1,False
279,2071,3,False
280,1842,4,False
280,1826,4,True
280,7902,1,False
280,1639,3,False
280,6976,4,False
281,4525,3,True
281,5828,3,False
281,8783,4,True
281,133,5,True
281,9959,3,True
282,2270,5,True
282,6687,5,False
282,7887,2,True
282,5133,5,False
282,2301,5,True
283,6424,2,False
283,9490,4,False
283,3689,5,True
283,3429,3,False
283,453,3,True
284,9816,2,False
284,2171,5,False
284,4870,4,False
284,6631,4,False
284,898,3,False
285,7303,4,False
285,2383,5,False
285,2083,4,False
285,3397,3,False
285,2759,4,True
286,9447,4,False
286,4716,1,False
286,4141,4,False
286,6606,4,False
286,148,2,False
287,845,5,False
287,1150,1,True
287,4664,2,True
287,2308,1,False
287,8312,1,True
288,1877,2,False
288,106,5,False
288,5298,1,True
288,5412,4,False
288,1026,4,True
289,6112,3,False
289,4160,5,False
289,5437,4,False
289,7950,3,False
289,8777,5,False
290,1383,4,True
290,5170,1,False
290,6287,3,False
290,6608,3,False
290,7865,1,False
291,6978,4,False
291,1213,5,False
291,2355,4,False
291,6548,5,False
291,5135,1,True
292,1155,2,True
292,2555,2,True
292,6293,1,False
292,9261,5,True
292,1116,1,False
293,4385,4,False
293,4960,3,False
293,7815,4,False
293,9691,4,False
293,7648,4,False
294,5657,1,False
294,8228,5,True
294,6290,4,False
294,5608,4,False
294,113,5,False
295,9411,4,True
295,7788,3,True
295,6030,1,False
295,3996,1,False
295,398,1,False
296,8320,4,True
296,660,1,False
296,5877,4,True
296,5993,5,True
296,5586,5,False
297,7964,1,False
297,6867,3,True
297,3870,5,False
297,7822,5,False
297,5641,5,False
298,2634,2,True
298,7869,3,False
298,2702,5,False
298,4716,4,False
298,9508,1,False
299,3491,4,True
299,7443,2,False
299,9827,3,False
299,2842,1,False
299,7237,1,False
300,9477,3,False
300,7045,1,False
300,2361,5,False
300,7038,5,False
300,3887,2,False
301,6243,2,False
301,3943,5,False
301,4177,4,False
301,8790,4,False
301,6096,3,False
302,3903,2,False
302,5534,5,False
302,2400,2,False
302,3991,4,True
302,4206,1,False
303,2835,3,False
303,9773,2,True
303,7322,5,False
303,3356,2,False
303,2975,4,False
304,5865,3,False
304,4081,1,False
304,1455,4,False
304,8139,3,False
304,4813,3,False
305,4480,1,False
305,3311,1,False
305,6664,3,False
305,340,1,True
305,3148,1,False
306,9895,2,True
306,9130,5,False
306,1327,1,False
306,8217,5,False
306,7970,3,False
307,5148,2,False
307,6314,5,True
307,1885,5,True
307,5483,3,True
307,4361,5,False
308,9156,2,False
308,5061,1,False
308,6798,2,False
308,6144,5,False
308,1470,3,False
309,1314,2,False
309,1495,1,False
309,288,1,False
309,9545,3,False
309,5422,2,False
310,9776,3,True
310,9233,3,False
310,331,2,True
310,1565,3,False
310,5114,4,True
311,9636,3,False
311,2104,1,False
311,9434,1,False
311,8704,2,False
311,4551,3,False
312,2601,3,True
312,9673,1,False
312,2244,3,True
312,3741,1,False
312,8127,2,False
313,2381,5,False
313,4446,3,False
313,1286,5,True
313,6668,3,True
313,3259,3,False
314,282,2,False
314,8812,1,False
314,7861,4,False
314,2068,1,False
314,4438,1,True
315,4576,1,False
315,3614,4,True
315,2350,2,False
315,9462,4,False
315,56,5,False
316,2084,1,True
316,7946,4,False
316,673,3,False
316,5223,3,False
316,2858,3,False
317,5188,5,False
317,7252,2,False
317,4512,4,False
317,3093,4,True
317,5732,5,False
318,4460,2,False
318,8826,5,False
318,4633,4,False
318,4682,2,False
318,6431,3,True
319,2871,2,False
319,1865,3,False
319,1560,5,False
319,2269,3,False
319,7551,5,True
320,6924,4,False
320,8785,5,True
320,2911,1,False
320,1122,3,False
320,7218,1,False
321,6164,2,False
321,840,1,False
321,6391,3,False
321,6291,4,False
321,2063,2,False
322,8866,2,False
322,2490,3,False
322,570,2,False
322,7270,4,False
322,9429,3,False
323,3443,1,False
323,3334,1,False
323,1438,3,True
323,8771,5,False
323,1993,3,False
324,7645,2,False
324,2752,3,True
324,3302,3,False
324,3944,5,True
324,9806,5,False
325,6660,2,True
325,8978,2,False
325,8613,2,False
325,3580,5,False
325,1489,4,True
326,1633,2,False
326,2134,2,False
326,3200,2,False
326,9451,2,False
326,7072,5,False
327,6471,1,False
327,4295,1,False
327,7723,2,False
327,9878,2,True
327,5748,1,False
328,3374,5,False
328,568,2,False
328,7218,2,False
328,8487,5,False
328,3475,5,True
329,2349,1,False
329,7435,1,False
329,1498,5,False
329,4524,5,False
329,4752,3,False
330,5392,2,False
330,4874,1,False
330,1453,2,False
330,2040,4,False
330,6072,2,False
331,1448,2,False
331,2230,1,False
331,3934,3,True
331,7945,3,False
331,2359,4,False
332,6065,5,False
332,2386,4,True
332,8322,4,False
332,5247,5,False
332,1239,4,False
333,3140,3,False
333,4837,3,False
333,6945,5,False
333,6208,4,False
333,582,3,True
334,7224,5,True
334,4716,1,False
334,2541,4,False
334,3081,2,False
334,8017,2,False
335,2546,3,False
335,2435,5,False
335,7036,5,False
335,3467,3,True
335,2586,3,True
336,7233,5,False
336,6944,3,True
336,628,3,False
336,7704,2,False
336,1398,3,False
337,6008,1,False
337,1615,4,True
337,8099,4,False
337,8527,1,True
337,494,4,False
338,9656,2,True
338,7630,3,False
338,9599,3,False
338,9216,4,False
338,2662,5,False
339,1999,2,False
339,9522,1,False
339,8484,2,True
339,8138,5,False
339,3985,5,True
340,3711,2,True
340,9848,3,False
340,2364,2,False
340,2529,3,False
340,9700,2,False
341,2906,4,True
341,1731,5,False
341,1565,3,False
341,7665,2,False
341,4227,1,False
342,6879,4,True
342,1225,2,True
342,7398,3,True
342,5686,1,False
342,4161,5,False
343,6682,2,False
343,364,4,False
343,3963,4,False
343,1461,5,False
343,2360,2,False
344,8568,3,False
344,7422,3,False
344,176,5,False
344,4104,5,False
344,9474,5,False
345,8974,3,True
345,5438,1,False
345,9331,1,False
345,8738,5,False
345,3284,1,False
346,1556,4,False
346,4419,1,False
346,4290,1,False
346,5019,3,True
346,6029,4,True
347,7372,3,True
347,6330,4,False
347,7329,4,True
347,4676,5,False
347,6945,3,False
348,9322,2,False
348,8480,3,True
348,2627,5,True
348,4372,1,True
348,6307,1,False
349,4213,2,False
349,7943,2,False
349,4338,1,False
349,6622,2,True
349,9973,1,False
350,4394,4,True
350,255,1,False
350,5553,4,False
350,1791,2,False
350,512,3,False
351,5082,4,False
351,3155,5,False
351,6723,2,False
351,2090,4,False
351,2031,1,False
352,5858,3,False
352,7740,4,False
352,2847,2,False
352,5801,2,False
352,7150,2,False
353,5975,5,False
353,1730,3,True
353,9137,4,False
353,2147,4,True
353,255,2,False
354,6329,3,False
354,7865,3,False
354,6444,5,False
354,1584,1,False
354,939,4,False
355,4856,1,False
355,2793,3,False
355,4564,5,False
355,2039,3,False
355,5528,4,True
356,2367,4,True
356,1527,4,False
356,5534,3,False
356,3251,2,False
356,6136,5,False
357,9364,5,False
357,4285,2,False
357,2806,2,False
357,6559,4,True
357,1692,3,True
358,1756,5,False
358,3404,2,False
358,8926,4,True
358,8209,1,False
358,4936,3,True
359,1678,5,False
359,4730,4,False
359,999,2,False
359,1823,5,False
359,2696,4,False
360,2713,1,True
360,7623,5,False
360,2750,2,False
360,9355,5,True
360,9187,3,False
361,268,1,True
361,1646,5,False
361,1358,1,False
361,6250,3,False
361,4203,5,False
362,6289,1,False
362,7588,2,False
362,9742,1,False
362,9171,1,False
362,3057,1,False
363,138,1,False
363,6897,4,False
363,3830,3,False
363,5683,4,False
363,5142,5,False
364,7661,2,False
364,4150,5,False
364,4470,4,False
364,2684,4,True
364,3642,4,False
365,5302,3,False
365,381,3,False
365,7771,5,False
365,4692,1,False
365,4051,2,True
366,1670,2,False
366,8480,1,True
366,3240,4,False
366,9858,3,False
366,9040,1,True
367,540,2,False
367,6783,2,False
367,7224,4,False
367,196,2,False
367,9292,4,False
368,1117,2,False
368,2155,5,False
368,1438,1,False
368,8504,4,False
368,9076,2,False
369,4571,3,False
369,1290,3,False
369,374,1,False
369,7819,5,False
369,5616,4,False
370,48,1,False
370,4836,4,False
370,6863,3,False
370,8419,1,False
370,4646,2,True
371,638,4,True
371,5672,4,False
371,6759,5,False
371,3805,2,False
371,7942,3,False
372,9074,1,True
372,7126,4,False
372,4728,3,False
372,7949,3,True
372,6539,5,False
373,7071,5,False
373,9605,5,False
373,9842,5,False
373,7696,1,False
373,6057,3,False
374,6861,4,False
374,2785,3,False
374,611,5,False
374,7196,2,False
374,5085,4,True
375,3716,5,False
375,3786,5,False
375,394,5,False
375,5552,2,True
375,3000,3,False
376,1133,2,False
376,1632,4,True
376,9896,2,True
376,3750,5,False
376,2933,5,True
377,8523,5,False
377,7165,5,False
377,7070,2,True
377,4743,2,False
377,7216,1,False
378,8706,3,True
378,2612,2,False
378,2587,2,True
378,1913,5,False
378,4634,5,False
379,5002,3,False
379,6410,1,True
379,9601,1,False
379,5437,2,False
379,7559,3,True
380,981,5,False
380,4813,4,False
380,7452,1,False
380,5069,2,False
380,3373,5,False
381,1115,4,False
381,663,3,True
381,1499,4,False
381,116,5,False
381,5060,5,True
382,20,3,True
382,707,2,True
382,9732,2,True
382,7697,3,False
382,1332,4,False
383,2282,5,True
383,9187,3,True
383,1666,5,True
383,1071,2,False
383,1898,2,False
384,1641,4,False
384,7092,3,True
384,1887,3,False
384,7303,3,False
384,2754,2,False
385,1670,1,True
385,6104,2,False
385,6917,4,False
385,2130,2,True
385,8300,1,True
386,9062,5,False
386,1545,1,False
386,6196,3,False
386,8662,2,False
386,9203,1,False
387,9370,2,False
387,6429,4,False
387,3968,2,False
387,1500,2,True
387,9912,1,False
388,5970,2,False
388,4647,5,False
388,8281,1,False
388,344,2,True
388,21,2,True
389,4224,3,False
389,3433,3,False
389,2243,5,True
389,1898,5,False
389,7929,2,False
390,2062,2,False
390,4273,1,True
390,669,2,True
390,5756,5,False
390,5301,2,False
391,1558,5,False
391,8110,1,True
391,4118,5,False
391,3106,1,False
391,1897,2,False
392,3981,1,False
392,6544,1,False
392,1690,5,False
392,6355,3,False
392,5848,4,True
393,5440,4,False
393,6457,5,True
393,6900,2,False
393,4427,4,False
393,2610,2,False
394,765,5,False
394,4386,1,False
394,1304,3,False
394,6825,5,True
394,4370,5,False
395,2937,5,False
395,6051,2,False
395,1859,1,True
395,8150,4,False
395,9289,4,False
396,9721,3,True
396,6685,3,False
396,699,3,False
396,86,3,True
396,9942,5,True
397,5397,3,True
397,6628,1,False
397,9553,4,False
397,3243,1,True
397,8899,1,False
398,3105,5,False
398,8958,2,False
398,7367,2,False
398,5485,3,False
398,5984,3,True
399,274,4,False
399,5959,4,True
399,7863,1,False
399,6309,4,False
399,9829,4,True
400,3084,1,False
400,8100,2,False
400,6428,1,True
400,2521,3,False
400,7027,2,False
401,7287,2,False
401,3518,3,False
401,1035,4,False
401,2594,2,False
401,37,1,False
402,3025,3,True
402,2527,1,False
402,2890,5,False
402,4205,3,False
402,6901,4,False
403,8823,5,False
403,6953,1,False
403,7604,2,True
403,4110,5,False
403,5163,2,False
404,4137,4,False
404,4668,5,False
404,9961,1,False
404,382,1,False
404,8418,3,False
405,3326,4,False
405,4461,3,False
405,6663,4,False
405,594,5,True
405,6792,2,False
406,1404,1,False
406,417,4,True
406,8075,2,False
406,6391,2,False
406,5730,4,False
407,7730,3,False
407,7290,2,False
407,7781,2,False
407,3032,4,False
407,410,3,False
408,5829,3,False
408,5045,1,False
408,1093,2,False
408,1596,4,True
408,9935,4,False
409,2109,5,False
409,5172,2,False
409,2532,1,False
409,4135,1,False
409,5590,1,False
410,8601,4,False
410,3672,4,False
410,736,2,False
410,8368,2,False
410,6453,5,False
411,9752,3,True
411,5026,3,True
411,8257,2,True
411,2383,5,True
411,5570,1,True
412,726,3,True
412,8023,3,False
412,1278,2,False
412,8578,4,True
412,2283,3,False
413,7643,3,False
413,2219,3,False
413,4232,5,True
413,4956,2,False
413,2140,3,False
414,6073,1,True
414,5405,2,True
414,1650,2,False
414,1804,5,False
414,5052,4,False
415,5985,5,True
415,117,5,False
415,7784,5,False
415,6629,3,False
415,3506,1,True
416,6845,5,False
416,7968,5,False
416,8075,4,False
416,2383,3,False
416,3370,4,False
417,6949,2,False
417,3147,3,False
417,1175,3,True
417,7619,4,False
417,5946,5,False
418,7371,4,False
418,4032,5,True
418,7556,2,True
418,5569,2,False
418,8147,1,True
419,1588,3,False
419,9606,1,False
419,7287,5,False
419,5211,5,True
419,1434,3,False
420,5180,4,True
420,4462,5,False
420,1911,1,True
420,6207,1,False
420,5370,3,False
421,5461,2,False
421,25,1,True
421,4955,2,False
421,3057,4,True
421,9139,4,True
422,7787,4,False
422,1301,2,False
422,8580,5,False
422,1733,3,True
422,6208,4,False
423,1463,4,False
423,7600,2,False
423,2308,4,False
423,2305,3,True
423,1853,5,True
424,1962,1,False
424,9954,4,True
424,4610,5,True
424,9449,2,False
424,1633,4,False
425,4951,2,False
425,2820,1,False
425,7416,2,False
425,4372,4,False
425,5534,2,False
426,2861,4,False
426,6614,4,False
426,2904,2,True
426,1404,2,False
426,8522,4,False
427,5859,2,False
427,7469,2,False
427,1488,1,False
427,8460,4,False
427,4953,3,False
428,922,4,True
428,5721,4,True
428,8184,1,False
428,3788,4,True
428,2059,2,False
429,7209,1,False
429,1631,1,False
429,3682,4,True
429,5282,2,True
429,3266,3,False
430,8966,3,False
430,8136,2,False
430,9663,5,False
430,7884,1,False
430,4423,4,False
431,4850,2,True
431,2953,1,False
431,3207,5,False
431,8986,4,False
431,1805,1,False
432,7205,5,True
432,1798,3,True
432,7460,2,False
432,8659,1,False
432,9221,4,False
433,6157,2,False
433,5202,5,False
433,5536,5,False
433,5421,2,False
433,2373,5,False
434,427,4,False
434,7895,2,True
434,23,2,True
434,9208,1,True
434,2267,3,False
435,1793,5,True
435,5262,3,False
435,3176,3,False
435,1028,1,False
435,786,3,False
436,3765,1,False
436,2906,4,False
436,6273,4,False
436,8687,1,False
436,6032,4,False
437,3438,3,False
437,650,3,False
437,3654,2,False
437,121,2,False
437,177,3,False
438,2515,2,False
438,3296,4,True
438,9485,4,False
438,2119,1,False
438,4597,1,False
439,7413,5,False
439,8580,3,False
439,8048,1,False
439,4362,1,False
439,4987,3,False
440,8753,3,False
440,6576,2,False
440,5495,4,False
440,4593,2,False
440,234,2,False
441,7651,5,False
441,4896,5,False
441,7022,2,False
441,2127,3,True
441,7821,1,True
442,2799,4,False
442,3162,5,True
442,4435,5,False
442,8295,5,True
442,9622,5,True
443,7946,5,True
443,7886,1,False
443,7112,4,True
443,1905,1,True
443,8453,3,True
444,1473,1,False
444,1548,5,False
444,2251,3,True
444,9224,1,False
444,5884,5,False
445,1637,4,True
445,6172,3,False
445,2059,1,False
445,9396,2,False
445,3329,1,False
446,3667,5,False
446,9785,4,False
446,7275,4,False
446,4702,4,True
446,2300,5,False
447,1566,5,False
447,3089,3,False
447,2135,3,True
447,4354,4,False
447,5320,2,True
448,7301,3,False
448,5506,1,False
448,1640,3,False
448,1481,1,False
448,189,1,True
449,3091,2,False
449,7131,2,False
449,5422,2,False
449,9654,5,True
449,5378,2,True
450,7893,4,False
450,8081,1,False
450,4015,4,False
450,968,4,False
450,5433,1,True
451,1472,4,False
451,4524,3,False
451,102,4,False
451,2617,4,True
451,9140,2,False
452,5534,1,False
452,7442,4,False
452,1108,4,False
452,4453,1,False
452,4641,5,True
453,6627,4,True
453,7466,4,True
453,2160,3,False
453,5400,1,False
453,9943,3,True
454,8016,5,False
454,114,5,False
454,5319,4,True
454,6785,3,True
454,4895,1,True
455,9464,5,True
455,1283,1,False
455,8388,2,False
455,8753,4,False
455,2272,1,False
456,5564,3,True
456,9202,3,False
456,9681,2,True
456,1351,2,True
456,3970,1,True
457,3314,1,False
457,3138,3,True
457,6164,3,False
457,4331,3,False
457,9666,2,False
458,7257,5,False
458,629,1,False
458,7304,2,False
458,3651,4,False
458,7763,4,True
459,8549,2,False
459,6481,5,False
459,5521,1,False
459,9220,2,False
459,4811,5,True
460,2901,5,False
460,4606,4,False
460,1947,5,False
460,6193,1,True
460,4945,5,False
461,2748,1,False
461,454,1,False
461,1273,5,True
461,6396,5,False
461,1284,3,True
462,9330,3,False
462,8777,5,True
462,3538,4,False
462,7418,2,False
462,9958,3,True
463,2778,5,True
463,9923,5,False
463,9967,2,True
463,7175,2,False
463,4263,4,False
464,8793,3,True
464,8088,3,True
464,276,1,False
464,800,2,False
464,3082,3,True
465,8071,5,False
465,3265,1,False
465,4767,5,False
465,9305,3,True
465,2464,2,False
466,8936,3,True
466,5479,2,False
466,5076,1,False
466,3706,3,False
466,4978,3,True
467,9404,3,False
467,5801,5,True
467,5386,3,False
467,5669,2,True
467,4922,2,False
468,2443,2,False
468,629,4,False
468,238,4,False
468,9781,1,False
468,139,1,False
469,3825,5,False
469,9344,1,False
469,4816,2,True
469,2876,2,False
469,9387,1,False
470,8814,4,True
470,225,5,False
470,717,3,True
470,2087,5,False
470,6286,3,False
471,2872,4,False
471,3603,4,False
471,8979,2,True
471,489,2,True
471,6464,4,False
472,4637,5,True
472,6231,3,True
472,5224,4,False
472,6881,1,False
472,3294,1,False
473,5838,1,False
473,4032,2,False
473,529,3,False
473,8069,2,False
473,782,4,False
474,5543,5,False
474,3016,2,False
474,3231,4,False
474,585,1,False
474,1953,5,False
475,5301,3,False
475,4994,5,True
475,2958,2,False
475,6801,4,False
475,906,4,False
476,1811,5,False
476,9321,4,False
476,2660,4,False
476,3637,3,False
476,6344,1,True
477,9177,4,False
477,7251,3,False
477,5942,2,True
477,8599,3,False
477,3537,2,False
478,6547,5,False
478,3675,5,False
478,1282,1,False
478,1820,2,True
478,2707,4,False
479,462,5,False
479,1865,5,True
479,8656,5,False
479,2945,2,False
479,6818,5,False
480,217,2,False
480,6004,1,True
480,729,3,False
480,3542,1,False
480,7287,3,False
481,4425,2,False
481,6829,1,False
481,983,4,False
481,4083,3,False
481,4363,5,True
482,5526,3,False
482,1721,1,False
482,4393,5,False
482,6081,4,False
482,953,2,False
483,1766,1,False
483,4665,4,True
483,5580,5,False
483,3952,4,False
483,3081,4,False
484,6201,3,True
484,8765,1,False
484,2768,1,False
484,6401,5,True
484,8743,5,False
485,717,2,False
485,7107,4,False
485,1795,1,False
485,3294,5,False
485,4926,5,False
486,1407,2,True
486,8195,4,False
486,9058,3,False
486,2941,3,True
486,1998,2,False
487,4829,2,True
487,7964,3,False
487,4049,2,False
487,9508,5,False
487,3942,4,True
488,7826,5,True
488,5871,1,False
488,4401,3,False
488,1693,4,True
488,7596,2,False
489,5755,4,False
489,2125,2,True
489,7552,3,False
489,7900,4,False
489,9990,5,False
490,7932,1,True
490,4644,2,True
490,6729,5,False
490,1087,2,False
490,9724,2,True
491,1117,3,False
491,1850,3,False
491,3790,3,False
491,1758,1,False
491,9560,5,False
492,8867,2,True
492,9274,3,True
492,6624,4,False
492,6757,5,False
492,6026,3,False
493,4021,1,True
493,1776,1,True
493,8771,4,False
493,2383,2,False
493,5871,3,False
494,8369,5,False
494,7080,1,False
494,2443,4,False
494,9812,5,True
494,5598,3,True
495,357,4,False
495,2455,1,True
495,8412,3,False
495,9936,5,False
495,1675,4,False
496,9207,3,True
496,7824,2,False
496,8086,5,False
496,5492,2,False
496,1485,4,False
497,678,3,False
497,6619,1,False
497,8393,1,False
497,5572,4,False
497,9639,5,False
498,4266,4,False
498,1088,1,False
498,2086,1,True
498,1587,3,False
498,4605,1,False
499,5485,1,False
499,7270,4,True
499,5625,3,False
499,5265,3,False
499,3974,5,False
500,5932,3,False
500,6148,1,False
500,286,2,False
500,9520,5,False
500,5050,2,False
501,9878,4,True
501,8931,3,True
501,5149,3,True
501,7112,4,True
501,1520,2,True
502,832,2,False
502,9115,2,False
502,3228,5,False
502,5923,5,False
502,9261,4,True
503,3654,3,False
503,7094,5,False
503,4697,1,True
503,1065,1,False
503,4507,4,False
504,6252,5,False
504,2629,2,False
504,7421,2,True
504,2587,4,True
504,2732,3,False
505,814,1,True
505,6059,1,False
505,890,1,False
505,3678,4,False
505,8133,3,False
506,5114,1,False
506,6137,3,False
506,8789,2,False
506,8146,4,False
506,8288,2,False
507,819,4,False
507,2129,2,False
507,3489,2,False
507,1610,2,True
507,1730,1,True
508,9839,3,False
508,1500,3,False
508,7106,2,False
508,7372,2,False
508,231,1,False
509,8587,2,False
509,5223,1,False
509,8555,5,False
509,2077,5,False
509,4907,4,False
510,4816,4,False
510,6585,1,False
510,8548,2,False
510,824,2,False
510,9350,1,False
511,4054,3,False
511,4324,3,False
511,5039,3,False
511,1983,3,False
511,9394,2,False
512,4190,5,False
512,8417,2,False
512,7410,1,False
512,1692,1,False
512,5097,2,False
513,1250,4,False
513,7139,1,False
513,112,1,True
513,5392,1,False
513,1728,4,False
514,3218,1,False
514,83,2,True
514,297,5,False
514,7580,5,True
514,8468,3,False
515,328,2,False
515,3876,1,False
515,8433,2,False
515,4328,3,False
515,6577,4,False
516,7322,4,False
516,5027,3,False
516,245,5,False
516,9441,3,False
516,9888,4,False
517,4824,2,True
517,5599,5,False
517,1494,5,True
517,6308,4,False
517,4297,5,False
518,4561,2,False
518,3630,1,False
518,3000,4,False
518,7444,3,False
518,4245,4,False
519,1540,4,True
519,2826,2,False
519,856,2,False
519,4113,3,False
519,5447,1,False
520,935,1,False
520,5591,3,True
520,4666,1,False
520,727,1,False
520,8263,4,False
521,5231,2,False
521,5241,2,True
521,5719,2,True
521,7354,2,False
521,2848,1,False
522,4827,2,False
522,4333,2,False
522,30,1,False
522,2585,5,False
522,5695,5,False
523,1860,4,False
523,781,4,False
523,7294,4,False
523,9809,1,True
523,5316,4,True
524,208,3,False
524,4097,2,False
524,2885,5,False
524,1683,4,False
524,6558,3,False
525,914,4,False
525,1716,5,True
525,957,5,True
525,4221,5,False
525,8595,3,False
526,9520,1,False
526,1118,1,False
526,7891,2,False
526,5546,1,False
526,5479,3,False
527,775,3,False
527,8519,4,False
527,7246,1,False
527,293,2,False
527,6269,5,False
528,699,4,False
528,3326,5,False
528,1871,5,False
528,3996,5,True
528,8829,4,False
529,2453,3,False
529,3949,3,False
529,8069,2,False
529,8092,5,False
529,2945,1,False
530,4301,1,True
530,629,5,False
530,4842,3,False
530,5598,3,False
530,4492,3,False
531,6408,3,True
531,972,3,False
531,1643,4,True
531,9808,5,False
531,9238,4,True
532,318,2,True
532,8746,1,True
532,9493,2,True
532,1287,1,True
532,2476,3,False
533,3059,4,False
533,6373,1,True
533,6050,4,False
533,5641,3,False
533,9233,4,False
534,262,2,False
534,9637,3,True
534,6023,5,False
534,6019,3,False
534,1414,3,False
535,6078,5,False
535,1061,4,False
535,3076,2,False
535,9424,3,False
535,2463,5,False
536,8592,3,True
536,9836,5,True
536,8284,3,True
536,5222,1,False
536,9548,5,False
537,1574,3,False
537,2712,1,False
537,4185,5,False
537,4298,5,False
537,3030,5,False
538,6859,4,False
538,1596,3,False
538,2453,4,False
538,2939,3,False
538,7334,2,False
539,1326,1,False
539,6125,3,False
539,5765,5,True
539,6784,1,False
539,3273,3,True
540,9539,4,False
540,9742,2,False
540,9612,2,False
540,4002,5,False
540,26,1,False
541,2237,3,True
541,7227,2,False
541,9300,5,True
541,856,4,False
541,4742,3,False
542,3266,4,False
542,51,3,False
542,3757,1,False
542,7947,5,False
542,9829,3,False
543,6608,1,False
543,1001,2,False
543,2885,5,True
543,5250,3,True
543,8258,5,False
544,7361,2,True
544,9425,4,False
544,3733,2,False
544,2061,2,False
544,292,2,False
545,5139,2,False
545,5704,3,False
545,3589,4,False
545,9300,5,True
545,8048,2,False
546,2252,2,False
546,3392,1,False
546,255,3,False
546,7072,3,False
546,3713,3,True
547,3616,5,False
547,6340,3,True
547,4154,1,False
547,9458,1,False
547,3270,3,False
548,2054,5,False
548,9251,3,False
548,7871,1,False
548,7695,1,False
548,2213,5,True
549,9819,1,False
549,6939,2,False
549,5074,3,True
549,4754,1,False
549,4265,1,False
550,9807,5,False
550,7569,2,False
550,2996,2,False
550,7472,2,True
550,6719,3,False
551,8629,4,False
551,6969,4,True
551,5065,4,False
551,2672,2,True
551,3430,2,False
552,2137,2,True
552,5687,5,False
552,9453,1,False
552,2609,3,True
552,1717,3,True
553,4136,1,False
553,4696,2,False
553,3043,2,True
553,4572,5,False
553,6081,4,True
554,6778,4,False
554,5478,1,False
554,9762,3,False
554,8596,4,False
554,4271,5,True
555,9089,5,False
555,927,3,True
555,5595,5,False
555,6950,3,False
555,7929,3,False
556,9624,2,False
556,1955,3,False
556,6912,5,False
556,1371,3,False
556,4098,1,False
557,8938,5,False
557,2462,3,True
557,152,4,True
557,6332,3,False
557,462,3,False
558,5487,5,False
558,9708,4,False
558,6538,2,False
558,1821,1,True
558,9074,4,True
559,3461,3,False
559,9093,5,False
559,2365,4,True
559,1361,2,True
559,5808,4,False
560,6746,4,False
560,1899,2,False
560,3395,1,False
560,1484,3,True
560,2252,2,False
561,3861,3,False
561,2805,1,False
561,6303,3,False
561,3261,4,False
561,187,3,False
562,4597,1,False
562,3526,3,False
562,1667,3,False
562,5947,4,False
562,5456,1,False
563,8345,2,False
563,8173,3,False
563,3475,1,False
563,839,2,False
563,1773,4,False
564,7082,4,False
564,1663,3,True
564,1638,4,False
564,5418,5,True
564,4637,4,True
565,3941,4,False
565,9348,5,True
565,1585,3,False
565,7868,1,True
565,5320,4,False
566,2138,5,False
566,2260,3,True
566,9344,2,True
566,7663,4,False
566,8964,5,False
567,3853,5,False
567,4056,4,False
567,1595,1,False
567,2862,2,False
567,4840,5,True
568,7360,1,False
568,3308,3,False
568,7799,5,False
568,7848,2,True
568,7418,2,False
569,2618,2,False
569,3507,2,False
569,6619,3,False
569,7046,3,False
569,6400,1,True
570,2145,3,False
570,9775,4,False
570,8032,1,True
570,3841,4,False
570,5657,5,False
571,9271,1,False
571,122,3,False
571,7309,2,False
571,6480,5,False
571,4741,5,False
572,5160,4,True
572,5904,4,True
572,6987,5,False
572,415,1,False
572,8985,4,True
573,791,5,True
573,6669,4,False
573,4928,1,False
573,5434,5,False
573,431,5,False
574,6259,3,True
574,6894,5,False
574,716,2,False
574,729,2,True
574,5719,4,False
575,1942,2,False
575,229,2,False
575,8615,3,False
575,1610,4,False
575,8859,3,True
576,3478,5,False
576,9519,5,False
576,4582,2,True
576,1775,3,True
576,1993,3,True
577,9088,4,False
577,3791,1,False
577,9909,4,False
577,6556,1,False
577,838,1,False
578,8683,3,False
578,1232,1,False
578,2132,1,False
578,7508,5,True
578,4035,4,False
579,1941,5,True
579,7111,4,False
579,8043,5,False
579,4200,1,False
579,3146,5,False
580,606,1,False
580,6398,3,True
580,8081,4,False
580,9386,1,True
580,791,4,False
581,6330,2,False
581,7862,2,False
581,7474,2,False
581,6896,2,False
581,8733,4,False
582,1052,5,False
582,8761,2,False
582,3889,1,False
582,4977,1,False
582,8377,1,False
583,4463,2,False
583,6236,1,False
583,5243,4,False
583,1565,2,False
583,4904,5,True
584,1665,1,False
584,6695,2,False
584,2685,1,False
584,3488,1,False
584,7616,5,False
585,4499,4,False
585,5973,3,False
585,1085,1,False
585,7807,2,False
585,1586,4,True
586,1975,3,False
586,4369,2,False
586,142,5,False
586,6440,2,False
586,407,5,False
587,2668,4,True
587,6815,4,False
587,5459,3,False
587,6223,1,True
587,4375,4,False
588,9381,2,False
588,233,3,True
588,581,1,True
588,9163,5,False
588,2691,1,False
589,5443,4,False
589,2290,2,False
589,4783,5,False
589,7971,5,False
589,1224,3,False
590,2410,5,False
590,3172,5,False
590,2204,1,True
590,455,3,False
590,4525,3,False
591,8620,4,True
591,6243,3,False
591,2752,3,True
591,2739,5,False
591,152,4,False
592,6545,4,False
592,1502,3,False
592,428,2,False
592,7573,5,False
592,8342,1,False
593,4242,4,False
593,969,5,False
593,7377,1,False
593,2716,4,False
593,1803,1,False
594,8450,3,True
594,8579,1,False
594,9161,2,False
594,5271,4,False
594,3784,2,False
595,9788,2,True
595,5221,4,False
595,4572,5,True
595,9847,5,False
595,3039,4,True
596,7521,4,False
596,376,3,False
596,5807,2,False
596,7127,1,True
596,610,1,False
597,8633,1,True
597,2629,5,False
597,3257,5,False
597,9916,3,False
597,9482,3,True
598,896,4,False
598,390,5,False
598,6055,3,False
598,7452,2,False
598,4623,4,False
599,8595,2,False
599,6135,1,True
599,1094,3,False
599,7225,5,False
599,1862,2,False
600,1596,1,True
600,2695,1,False
600,6797,1,False
600,8832,5,False
600,5768,5,False
601,5799,1,False
601,8318,5,False
601,179,3,False
601,1035,5,False
601,6890,5,False
602,1821,5,False
602,6890,1,False
602,1214,5,False
602,1634,5,False
602,7466,4,False
603,2403,2,False
603,3025,2,False
603,9198,5,True
603,5640,5,False
603,4562,5,False
604,2312,2,True
604,9284,2,False
604,8947,4,False
604,9756,1,True
604,9180,3,False
605,723,3,False
605,7283,2,False
605,8308,1,False
605,2236,5,False
605,8846,3,True
606,3225,4,False
606,9107,1,False
606,4345,4,True
606,8413,4,False
606,4662,1,False
607,2154,5,True
607,3161,3,False
607,4923,5,False
607,7343,1,False
607,53,1,True
608,7016,1,False
608,9020,5,False
608,170,1,False
608,2729,5,False
608,1692,5,False
609,6866,2,False
609,4404,2,False
609,6580,4,False
609,5803,3,False
609,2543,3,False
610,1496,4,False
610,3523,3,False
610,688,5,False
610,6156,4,False
610,5397,4,True
611,8260,5,False
611,3875,4,False
611,9602,2,False
611,598,3,False
611,4046,1,False
612,4604,1,True
612,3018,3,False
612,3794,4,True
612,1285,3,False
612,6487,5,False
613,6927,1,False
613,453,3,True
613,4722,2,False
613,5055,4,False
613,730,1,False
614,3343,1,False
614,7966,4,False
614,1850,5,False
614,5714,2,True
614,7501,2,False
615,3668,5,False
615,9532,4,True
615,1657,4,False
615,7555,2,True
615,5084,2,False
616,1624,4,False
616,49,5,True
616,9876,2,False
616,3287,4,False
616,3349,1,False
617,9142,1,False
617,6642,1,False
617,7746,5,True
617,2529,1,True
617,8600,4,False
618,1212,2,False
618,5245,4,False
618,2936,1,True
618,9281,1,False
618,5575,2,False
619,3161,5,False
619,8017,2,False
619,6880,4,True
619,2583,2,False
619,4781,3,False
620,4824,3,False
620,7139,3,False
620,9668,4,True
620,8079,2,True
620,7730,5,False
621,7650,4,False
621,9081,5,False
621,7862,1,False
621,1146,4,False
621,5050,1,False
622,6857,5,False
622,5763,3,False
622,2372,3,False
622,7893,5,False
622,1055,1,False
623,9264,5,False
623,9617,3,True
623,8611,3,False
623,1329,3,True
623,70,1,False
624,9575,3,False
624,8813,3,False
624,9099,5,False
624,4553,3,True
624,86,2,False
625,7124,2,False
625,4945,4,False
625,782,5,False
625,537,2,True
625,4075,4,False
626,1501,5,True
626,6151,1,False
626,9781,1,False
626,1918,1,False
626,300,3,True
627,7769,1,False
627,773,4,True
627,311,4,False
627,2385,4,False
627,2599,2,False
628,3919,5,False
628,3587,2,False
628,294,3,True
628,7358,5,False
628,5438,3,True
629,1178,5,True
629,9766,3,True
629,921,1,False
629,3742,1,False
629,4328,2,True
630,8100,3,False
630,1646,2,False
630,2456,2,True
630,6067,4,False
630,5217,1,False
631,8560,4,False
631,3288,4,False
631,3464,3,False
631,8435,1,False
631,8580,1,False
632,2588,1,True
632,5796,1,True
632,1659,5,False
632,6791,2,False
632,8332,1,False
633,8682,2,True
633,1817,5,False
633,6526,5,True
633,3054,1,True
633,6693,5,False
634,509,3,False
634,4456,5,False
634,9384,3,False
634,5167,3,False
634,278,1,True
635,543,4,True
635,3825,4,False
635,1836,5,False
635,1497,3,False
635,4193,4,False
636,945,5,False
636,1748,5,False
636,3832,4,False
636,4443,3,False
636,9683,5,False
637,1814,1,True
637,8920,5,True
637,6068,5,False
637,4380,1,False
637,885,2,True
638,6696,5,False
638,5937,4,False
638,117,3,True
638,8019,1,False
638,3613,3,False
639,1241,1,False
639,5689,4,False
639,1196,1,True
639,2884,4,False
639,3824,1,False
640,1455,3,False
640,8206,1,False
640,6209,3,True
640,5855,3,False
640,7568,4,False
641,9253,3,False
641,7654,1,False
641,1669,3,False
641,3222,3,False
641,9959,4,False
642,5594,3,False
642,9868,1,False
642,404,1,False
642,1749,4,False
642,6375,1,False
643,6127,3,False
643,2175,3,False
643,6147,3,False
643,9164,4,False
643,3103,5,False
644,1121,3,False
644,3400,4,True
644,3168,2,True
644,5523,1,False
644,1033,5,True
645,9914,1,False
645,761,1,False
645,2504,1,True
645,5861,3,False
645,6804,3,False
646,4917,3,False
646,4738,4,False
646,7006,3,False
646,2801,5,False
646,2261,2,False
647,7602,2,True
647,6705,5,False
647,5774,5,False
647,1998,2,True
647,2374,3,False
648,5856,1,False
648,3334,1,True
648,4744,2,False
648,793,4,True
648,7175,4,False
649,9021,2,False
649,3776,4,True
649,7455,3,False
649,1075,3,False
649,1246,2,False
650,3393,4,False
650,9804,3,False
650,5835,3,False
650,120,3,False
650,4585,1,False
651,158,1,False
651,973,2,False
651,2700,1,False
651,1283,2,False
651,7104,1,False
652,2381,2,False
652,7466,5,False
652,8795,4,False
652,5148,2,True
652,6140,4,True
653,1350,3,False
653,7966,2,False
653,114,3,False
653,8625,5,True
653,1784,2,False
654,1631,2,False
654,2088,1,False
654,9421,2,False
654,4979,1,False
654,6329,4,True
655,8705,5,True
655,9391,2,False
655,2722,3,False
655,2908,1,False
655,2921,1,False
656,3131,2,True
656,8280,3,False
656,743,2,False
656,7712,1,False
656,6364,3,False
657,7439,5,False
657,9991,5,False
657,1629,4,False
657,2788,5,False
657,666,4,False
658,7951,1,False
658,4380,1,False
658,3693,4,False
658,765,1,True
658,5364,1,False
659,7962,1,False
659,9932,1,False
659,379,4,False
659,3272,4,False
659,5485,1,True
660,2559,5,False
660,8742,5,False
660,2978,2,False
660,1735,5,False
660,4199,4,False
661,3556,2,True
661,6056,4,False
661,2446,1,False
661,6737,4,False
661,8026,5,True
662,4329,2,False
662,5856,4,False
662,6540,3,False
662,6742,1,False
662,4279,4,True
663,3414,3,False
663,6013,4,False
663,1516,3,False
663,208,3,False
663,6857,1,False
664,9609,5,False
664,4069,3,False
664,6871,1,False
664,1901,3,True
664,3393,5,False
665,4882,5,True
665,3508,1,False
665,1403,4,False
665,2620,4,False
665,9439,4,False
666,7120,3,False
666,5331,2,False
666,2562,3,False
666,8533,2,False
666,115,2,False
667,2153,4,False
667,1088,2,True
667,5041,5,False
667,4386,2,False
667,8436,2,False
668,2300,4,False
668,5584,3,False
668,2227,2,True
668,5303,5,False
668,4848,2,False
669,7389,5,False
669,6794,2,True
669,9743,1,False
669,3430,3,False
669,6873,5,False
670,7166,5,False
670,1011,1,False
670,8052,5,False
670,803,1,False
670,8101,5,False
671,7190,3,True
671,1532,1,False
671,8763,3,False
671,4844,4,False
671,7150,2,False
672,7457,1,True
672,5678,2,False
672,7323,4,False
672,6757,1,False
672,540,1,False
673,8875,3,False
673,107,1,False
673,377,5,False
673,7707,1,False
673,6975,4,False
674,966,1,False
674,8436,5,False
674,3191,5,False
674,8820,4,False
674,1881,1,False
675,6634,1,True
675,8999,2,True
675,4299,5,False
675,5567,2,True
675,7398,5,False
676,2448,3,False
676,9640,5,True
676,9795,1,False
676,9921,1,False
676,6661,2,False
677,7900,3,False
677,8723,5,False
677,3655,1,False
677,2657,3,False
677,3296,4,False
678,3977,3,False
678,4437,5,False
678,3087,1,False
678,5341,1,True
678,1030,4,False
679,3173,2,False
679,3368,2,False
679,9890,4,False
679,6247,2,True
679,7965,5,False
680,4939,3,False
680,1304,2,False
680,1565,1,False
680,5042,4,False
680,476,3,True
681,5723,3,True
681,7376,1,False
681,5109,4,False
681,6173,3,False
681,3646,4,False
682,9166,2,False
682,8702,4,False
682,1790,5,False
682,5317,3,False
682,6049,5,True
683,8767,4,False
683,2386,1,False
683,7784,3,False
683,9607,1,False
683,8632,1,False
684,4370,4,False
684,2448,1,False
684,2240,5,True
684,2513,5,True
684,4219,4,True
685,3601,2,False
685,8283,2,False
685,6384,2,False
685,5711,2,False
685,1731,4,False
686,8244,2,False
686,9597,1,False
686,7701,3,True
686,3320,2,False
686,6729,2,True
687,6754,4,False
687,6967,4,False
687,9052,1,False
687,3999,1,True
687,1316,1,False
688,6801,3,False
688,5022,3,False
688,3513,5,False
688,7568,2,True
688,9563,1,False
689,4700,4,False
689,8864,3,False
689,5968,5,True
689,31,4,False
689,5692,5,False
690,2475,3,False
690,4487,3,True
690,1028,3,False
690,2965,5,False
690,4939,1,False
691,8359,3,True
691,2623,2,False
691,1154,2,False
691,3948,4,False
691,2650,2,False
692,623,1,True
692,8472,5,False
692,5502,1,False
692,5730,1,False
692,1845,1,False
693,7955,1,False
693,9893,2,False
693,8411,3,True
693,9389,1,False
693,9717,3,False
694,4976,2,True
694,5590,1,False
694,7853,2,True
694,9188,5,False
694,4899,1,True
695,6087,4,True
695,9599,2,False
695,2975,1,False
695,2985,3,False
695,7825,2,False
696,6209,1,False
696,8816,5,True
696,6105,1,False
696,9296,4,False
696,3347,1,False
697,6823,2,False
697,9426,4,False
697,7054,5,False
697,7832,5,True
697,2616,4,False
698,834,1,False
698,3146,4,True
698,8118,1,True
698,2614,2,True
698,2678,5,False
699,3471,2,False
699,1837,3,False
699,1990,4,False
699,3097,1,False
699,352,1,True
700,6190,3,True
700,1952,1,False
700,5496,3,False
700,3693,5,False
700,7489,3,True
701,1823,2,True
701,3263,4,False
701,1725,1,True
701,9207,5,False
701,1399,1,False
702,1299,2,True
702,2949,2,False
702,7502,1,False
702,8597,5,True
702,5066,3,False
703,4811,2,False
703,9250,2,False
703,3652,4,False
703,4557,4,False
703,2143,1,False
704,8116,1,True
704,5396,5,False
704,3273,1,False
704,2078,5,False
704,6451,2,False
705,6213,4,True
705,9653,4,True
705,9981,5,True
705,4613,4,True
705,780,3,False
706,556,1,True
706,3463,1,False
706,1255,4,False
706,3167,2,True
706,9449,5,False
707,6204,2,False
707,7754,5,False
707,4496,1,False
707,1226,2,False
707,5791,3,False
708,7001,4,False
708,288,3,False
708,527,2,True
708,9711,1,False
708,7710,4,False
709,3203,4,False
709,7334,4,False
709,123,2,False
709,4027,2,True
709,3742,4,False
710,5182,4,False
710,8298,2,False
710,543,1,False
710,6010,3,False
710,3407,4,False
711,3094,4,False
711,289,5,False
711,1726,2,True
711,1450,5,False
711,5805,1,False
712,1740,4,False
712,6416,2,False
712,3270,3,True
712,7183,2,False
712,7513,1,False
713,9633,4,True
713,8221,4,False
713,2977,3,False
713,2038,3,False
713,9571,2,True
714,1193,4,False
714,4252,2,False
714,7097,4,False
714,3389,2,True
714,1779,5,False
715,3987,4,False
715,3451,2,False
715,4142,4,True
715,1753,5,True
715,8915,3,False
716,4311,4,False
716,2207,1,True
716,1825,1,False
716,3292,2,False
716,8276,2,False
717,3640,4,True
717,7417,1,False
717,8143,5,False
717,8121,3,True
717,5940,3,False
718,8923,3,True
718,23,4,False
718,9357,3,False
718,2095,4,False
718,2152,2,False
719,6394,3,False
719,8694,4,False
719,3253,2,False
719,3346,5,False
719,3709,2,False
720,8187,3,False
720,818,4,False
720,6775,2,False
720,7603,5,True
720,8859,2,False
721,3299,2,False
721,2674,2,True
721,5329,5,False
721,1199,1,False
721,9995,3,False
722,6594,4,False
722,9392,2,False
722,2923,3,False
722,275,3,False
722,1890,2,False
723,3375,1,False
723,4754,1,False
723,4992,5,False
723,118,4,False
723,5751,3,False
724,1496,4,True
724,9731,5,True
724,7673,3,True
724,2448,2,True
724,897,3,False
725,5096,4,False
725,1212,1,True
725,1313,4,False
725,9635,4,False
725,566,5,False
726,5127,5,False
726,9903,1,False
726,7594,2,True
726,8716,5,False
726,9960,5,False
727,7987,4,False
727,6622,2,False
727,425,2,False
727,5832,4,False
727,5265,5,True
728,6876,5,True
728,6473,3,True
728,479,3,False
728,9915,4,False
728,3499,4,False
729,2486,1,False
729,197,4,False
729,6586,5,False
729,4061,1,True
729,654,3,False
730,2913,5,False
730,7416,5,False
730,2442,3,False
730,5380,4,False
730,6412,2,False
731,1278,5,False
731,7808,1,False
731,4392,4,False
731,550,2,False
731,9446,1,False
732,9263,1,False
732,3824,4,False
732,5031,1,False
732,8595,1,False
732,4489,5,False
733,7950,1,True
733,1262,3,False
733,3230,5,False
733,2879,3,False
733,3422,5,False
734,6087,5,False
734,8589,3,False
734,7225,2,False
734,6720,4,False
734,8880,5,False
735,5605,1,True
735,3555,3,False
735,7826,1,False
735,9629,2,False
735,1726,2,True
736,518,3,True
736,3834,5,False
736,6926,1,False
736,5255,1,False
736,1557,2,True
737,7909,3,False
737,8119,4,False
737,978,5,False
737,8884,2,False
737,9010,3,False
738,6079,5,False
738,7767,2,True
738,8842,1,False
738,811,3,False
738,9284,2,False
739,4096,1,False
739,3715,2,False
739,568,4,False
739,1798,1,False
739,5520,2,False
740,5662,5,True
740,9692,1,False
740,7487,4,True
740,6796,3,True
740,3786,2,True
741,6123,5,False
741,7438,2,True
741,5396,1,False
741,9790,5,True
741,4873,5,True
742,3202,1,False
742,4791,4,False
742,3897,5,True
742,7517,3,True
742,8711,3,False
743,5259,2,True
743,5011,5,False
743,1707,3,True
743,3333,4,False
743,5948,3,False
744,2935,2,False
744,5451,5,False
744,5079,1,True
744,8422,5,False
744,897,3,False
745,6202,1,False
745,4742,3,False
745,4414,4,True
745,945,2,True
745,9596,5,True
746,3732,5,False
746,14,5,False
746,2090,3,False
746,4721,2,False
746,2825,1,True
747,9570,3,False
747,615,3,False
747,8141,5,False
747,5100,5,False
747,3910,5,False
748,5859,5,True
748,3443,5,False
748,2515,2,True
748,4583,1,False
748,7816,4,False
749,7322,1,False
749,3157,1,False
749,3381,1,True
749,7567,4,False
749,2677,5,False
750,3647,2,False
750,7053,1,False
750,4541,1,False
750,5706,1,False
750,5030,1,False
751,2170,4,False
751,7086,4,False
751,7356,5,False
751,3457,5,False
751,835,5,False
752,9325,3,False
752,823,1,False
752,7891,2,False
752,771,5,False
752,9788,3,True
753,456,2,True
753,9781,3,False
753,2883,5,True
753,522,1,False
753,5446,5,True
754,4903,1,False
754,1682,3,False
754,6667,3,False
754,5419,5,False
754,3369,3,False
755,4076,2,True
755,9874,5,False
755,6304,4,False
755,7404,5,False
755,2425,1,False
756,1598,2,False
756,4628,2,False
756,1900,1,True
756,4976,2,False
756,4069,4,False
757,8197,2,False
757,6723,2,False
757,5495,2,False
757,1108,2,False
757,8074,5,True
758,1833,4,True
758,2235,2,False
758,4194,4,False
758,2083,3,False
758,2653,2,False
759,5590,4,False
759,8214,2,False
759,3848,2,False
759,745,1,False
759,3194,3,False
760,8007,2,False
760,2853,5,False
760,7681,2,False
760,3330,1,False
760,8951,3,False
761,4950,1,False
761,1982,2,False
761,7581,3,False
761,4463,5,False
761,1409,1,True
762,2467,4,False
762,3712,2,False
762,8739,2,True
762,963,3,False
762,3041,5,False
763,7877,1,True
763,426,5,False
763,3060,3,False
763,9836,3,True
763,5580,1,False
764,7883,1,False
764,5394,1,False
764,5504,1,False
764,1400,1,False
764,6636,2,True
765,8029,1,False
765,5213,5,False
765,5744,2,False
765,1543,5,False
765,1972,3,False
766,261,2,True
766,8729,3,False
766,6012,1,False
766,401,4,True
766,9171,2,True
767,5034,1,False
767,6293,4,False
767,5276,1,False
767,973,1,False
767,3863,5,False
768,5410,3,False
768,5350,4,True
768,1348,4,True
768,641,1,False
768,9335,1,True
769,860,3,False
769,9687,3,False
769,4331,1,False
769,3654,1,False
769,8454,5,False
770,9057,2,False
770,3392,2,True
770,7335,4,False
770,2546,1,True
770,4326,2,False
771,6153,2,False
771,5395,3,False
771,7118,1,False
771,3193,2,False
771,286,3,False
772,6942,2,True
772,5157,2,True
772,2162,1,False
772,8665,5,True
772,7921,5,False
773,9585,3,True
773,7295,1,False
773,7230,1,False
773,2410,2,False
773,8222,3,False
774,1404,4,False
774,9951,4,False
774,7494,1,False
774,6827,4,False
774,5361,3,False
775,3680,3,True
775,344,1,False
775,6577,3,False
775,2368,2,False
775,3762,5,False
776,6799,2,False
776,8241,1,False
776,2869,2,True
776,825,1,False
776,3955,3,True
777,9601,4,True
777,3906,2,False
777,1888,5,True
777,678,1,True
777,4059,3,True
778,3560,1,False
778,6668,2,False
778,6691,1,True
778,6049,5,False
778,1444,5,False
779,6361,3,True
779,8370,1,False
779,854,5,True
779,797,1,False
779,4879,2,False
780,592,3,True
780,1764,5,False
780,5779,5,False
780,2812,2,False
780,6980,3,False
781,3106,2,False
781,3996,1,True
781,2010,1,False
781,2606,1,False
781,9665,4,False
782,7435,5,False
782,8601,2,True
782,1,3,False
782,1537,4,True
782,7880,1,True
783,3391,2,False
783,9351,4,True
783,1404,5,False
783,8560,4,False
783,2105,5,False
784,5427,5,False
784,1944,4,False
784,6430,2,False
784,70,1,False
784,4667,2,False
785,4909,4,False
785,9963,1,False
785,8107,3,False
785,5032,2,True
785,281,5,False
786,2093,4,True
786,534,1,False
786,4099,1,False
786,1961,4,False
786,8502,5,False
787,3123,4,False
787,4839,2,False
787,4829,5,False
787,7836,2,False
787,9379,1,False
788,3502,4,False
788,73,2,False
788,3539,2,False
788,2721,5,False
788,3562,4,True
789,9133,4,False
789,6697,2,False
789,5559,4,False
789,2116,3,False
789,1433,5,True
790,969,5,False
790,825,3,True
790,1094,1,False
790,1802,4,True
790,769,4,True
791,2407,5,False
791,4999,5,True
791,7228,2,True
791,3124,5,False
791,9973,1,False
792,9216,4,True
792,3823,4,True
792,132,3,False
792,7170,1,False
792,4764,5,False
793,9876,2,True
793,8365,4,False
793,6445,5,False
793,1725,2,True
793,1956,4,False
794,2375,4,False
794,2554,4,True
794,9866,1,True
794,4866,5,False
794,1945,4,False
795,4226,4,False
795,7952,1,False
795,4420,1,False
795,9912,5,False
795,7154,1,False
796,4957,5,False
796,3592,5,False
796,8901,5,False
796,1735,4,False
796,6424,4,False
797,2000,3,False
797,5963,2,False
797,9221,2,False
797,325,1,False
797,1121,4,True
798,6670,3,False
798,3292,3,False
798,3359,2,False
798,7138,3,True
798,750,4,False
799,8052,2,False
799,5017,2,False
799,6379,4,False
799,4562,2,False
799,9494,2,True
800,2050,2,True
800,1128,4,True
800,692,2,False
800,9957,1,False
800,8681,3,False
801,7144,5,False
801,6572,1,True
801,5851,5,False
801,8249,4,False
801,7506,3,False
802,9835,4,False
802,9344,2,False
802,9853,3,False
802,1807,1,False
802,2848,5,False
803,2808,5,False
803,9055,1,False
803,9526,4,False
803,8833,1,False
803,4219,3,True
804,9424,5,True
804,5096,2,False
804,4975,3,False
804,7118,2,False
804,45,4,False
805,3354,2,False
805,4656,5,False
805,218,5,False
805,9941,5,False
805,8439,5,False
806,1597,1,False
806,5935,2,False
806,6263,2,False
806,9967,5,False
806,6269,3,False
807,5122,2,True
807,961,2,True
807,8252,2,False
807,6836,4,True
807,6794,3,False
808,3599,3,False
808,5474,4,False
808,5699,4,False
808,2407,5,False
808,5563,3,True
809,4171,3,False
809,4493,5,False
809,4616,1,True
809,6761,4,False
809,6491,4,False
810,9978,4,True
810,3767,4,False
810,7339,4,False
810,2120,3,False
810,2269,2,False
811,775,4,True
811,3916,4,False
811,5464,5,False
811,1912,2,False
811,7394,1,False
812,976,1,False
812,2516,3,False
812,3545,4,False
812,5464,1,True
812,1744,4,False
813,8038,2,False
813,4999,1,False
813,5955,2,False
813,8901,5,True
813,1491,3,False
814,1924,2,True
814,6609,4,False
814,1408,1,False
814,9699,1,False
814,4747,2,False
815,2728,3,False
815,7750,1,False
815,4029,2,False
815,4484,2,False
815,5396,2,True
816,4248,4,False
816,1612,1,False
816,6335,1,False
816,5552,5,False
816,1562,5,False
817,1136,4,False
817,3989,2,True
817,7497,4,True
817,9536,2,False
817,4356,1,True
818,2237,4,True
818,6029,4,False
818,4682,2,False
818,9267,2,False
818,5391,5,True
819,244,4,False
819,4862,4,True
819,429,5,False
819,7267,4,True
819,7167,4,False
820,7747,3,False
820,1349,2,True
820,7619,4,False
820,7158,4,False
820,4516,1,True
821,9696,2,False
821,7314,4,True
821,5792,5,False
821,6786,2,False
821,5073,1,False
822,7752,4,False
822,5134,2,False
822,5065,5,True
822,1881,5,True
822,1245,5,False
823,6957,5,False
823,1120,4,False
823,7625,1,False
823,372,4,False
823,2921,4,True
824,6737,5,False
824,5423,5,True
824,5498,5,True
824,3987,2,False
824,6424,5,True
825,1587,1,False
825,2611,3,False
825,1588,1,False
825,2496,3,False
825,613,1,False
826,1878,5,False
826,5111,5,False
826,2852,5,False
826,3398,4,False
826,7737,4,False
827,9126,2,True
827,4416,2,False
827,6554,1,False
827,1838,5,False
827,6058,5,False
828,9048,3,False
828,4729,2,False
828,1306,3,False
828,3693,1,False
828,7765,1,True
829,3908,5,True
829,1798,5,True
829,5494,3,False
829,2341,1,False
829,643,1,True
830,1608,4,False
830,7678,2,False
830,2297,3,False
830,4168,1,False
830,5926,3,False
831,6860,4,False
831,9473,2,False
831,5106,5,False
831,7905,5,False
831,3903,5,False
832,2938,2,False
832,7450,5,False
832,2198,3,True
832,9232,1,True
832,2117,1,False
833,4612,4,False
833,1739,4,False
833,1827,4,True
833,3226,5,True
833,9450,1,False
834,5210,1,False
834,737,3,False
834,9874,2,False
834,7966,2,False
834,1969,3,True
835,4211,3,False
835,3195,1,False
835,9798,4,False
835,2948,5,True
835,859,2,True
836,3203,4,True
836,814,5,False
836,1500,1,False
836,3220,3,False
836,5837,3,False
837,6990,4,True
837,3942,1,False
837,8233,1,False
837,9102,4,False
837,2721,4,False
838,6303,2,False
838,880,1,False
838,7001,4,False
838,8075,1,True
838,6669,1,False
839,8442,3,False
839,1260,4,True
839,9410,1,True
839,5180,4,False
839,2626,3,False
840,6742,3,False
840,6922,5,False
840,6835,3,False
840,3387,1,False
840,6675,1,False
841,6831,4,False
841,3680,3,False
841,7546,2,True
841,169,2,False
841,9705,4,False
842,8626,4,True
842,5320,2,False
842,5314,1,False
842,9411,5,False
842,4631,1,False
843,9414,1,False
843,1169,3,True
843,1104,4,False
843,4843,3,True
843,4476,4,False
844,3991,2,False
844,1436,2,True
844,9360,2,True
844,558,4,False
844,7156,5,False
845,1384,2,False
845,9966,2,True
845,310,2,False
845,2126,2,False
845,3832,2,True
846,6962,4,True
846,9710,2,False
846,9974,3,False
846,1254,3,False
846,3752,4,False
847,9282,3,True
847,8564,4,False
847,8336,1,False
847,2589,2,False
847,9885,3,False
848,4096,4,True
848,1855,5,False
848,7964,4,False
848,967,1,False
848,3561,1,False
849,7431,5,False
849,2064,4,False
849,6325,2,True
849,9178,4,True
849,8250,2,False
850,8763,1,False
850,5995,2,True
850,2156,5,True
850,8597,3,True
850,3613,2,False
851,2697,3,False
851,6090,2,False
851,1174,1,False
851,3262,2,False
851,2357,5,False
852,3811,3,False
852,6727,4,False
852,5784,1,True
852,4521,3,False
852,6505,1,False
853,3909,5,False
853,3261,5,False
853,2242,2,False
853,4618,2,False
853,3379,1,True
854,683,4,False
854,5578,1,False
854,9908,5,False
854,570,3,False
854,3074,4,False
855,2211,1,False
855,744,3,False
855,2715,5,False
855,3425,3,False
855,7549,3,False
856,3735,1,False
856,2098,1,False
856,2966,2,False
856,7904,1,False
856,2359,4,False
857,340,3,False
857,656,5,False
857,2175,4,True
857,3318,1,False
857,9328,4,False
858,3458,3,False
858,63,5,False
858,6607,2,False
858,8860,2,True
858,4270,5,False
859,830,4,False
859,5158,1,False
859,890,2,False
859,2252,2,False
859,2226,1,False
860,5780,5,False
860,5361,3,False
860,994,2,True
860,3240,1,False
860,16,1,True
861,6781,3,False
861,4450,1,False
861,1891,1,False
861,3841,5,False
861,7834,4,False
862,6425,5,False
862,3151,5,False
862,6414,2,True
862,7940,3,False
862,282,4,False
863,3231,2,True
863,3229,3,False
863,5061,1,False
863,8458,2,True
863,1501,1,False
864,9800,5,False
864,6401,5,True
864,468,4,True
864,1275,1,True
864,8111,3,False
865,1560,5,True
865,3359,4,False
865,5264,4,False
865,905,2,False
865,9945,3,False
866,8205,2,False
866,7808,4,False
866,8922,3,False
866,5348,2,False
866,1601,1,False
867,5581,2,False
867,4251,2,True
867,4427,1,True
867,552,4,False
867,5713,5,True
868,7736,4,False
868,5750,4,True
868,4002,3,False
868,3039,5,False
868,9767,2,False
869,2704,1,False
869,7185,1,False
869,2253,2,False
869,4429,4,True
869,2028,2,False
870,3638,4,True
870,1367,3,False
870,7362,3,False
870,5656,4,False
870,146,5,True
871,3204,4,False
871,4042,2,True
871,305,1,False
871,3072,5,False
871,606,1,False
872,4258,5,False
872,9519,3,True
872,6155,5,False
872,5293,3,False
872,5587,5,False
873,5771,3,False
873,3165,3,False
873,4981,5,False
873,8016,3,False
873,3224,3,True
874,722,3,False
874,5844,5,True
874,9538,4,False
874,4979,4,False
874,4030,3,True
875,2460,1,False
875,9019,3,False
875,2840,4,False
875,4984,1,False
875,4324,3,True
876,5688,3,True
876,9240,2,False
876,5631,1,False
876,5359,5,False
876,9847,1,False
877,8309,3,False
877,4153,4,True
877,8402,1,True
877,5160,5,False
877,8534,4,False
878,3417,1,False
878,4333,4,False
878,4008,5,False
878,5646,4,False
878,6206,3,False
879,5416,3,False
879,7139,1,False
879,4796,2,False
879,8779,4,False
879,1734,2,False
880,1401,1,False
880,7527,5,True
880,8830,3,False
880,8941,5,True
880,4195,1,False
881,2676,2,True
881,4399,3,False
881,9003,5,True
881,5584,1,False
881,10,4,True
882,5894,3,False
882,1674,2,False
882,3985,4,False
882,3783,2,False
882,835,5,True
883,9858,2,False
883,8832,5,False
883,4400,3,False
883,506,5,False
883,9965,3,True
884,9463,5,False
884,3938,5,False
884,7936,1,False
884,2077,1,False
884,446,4,False
885,3731,2,False
885,1057,4,True
885,5093,1,True
885,5535,5,False
885,2172,2,False
886,1886,4,True
886,3480,3,True
886,2855,2,True
886,3286,4,False
886,6035,3,True
887,8609,4,False
887,4495,2,False
887,3204,4,False
887,3159,4,False
887,1294,4,False
888,7858,2,False
888,1160,5,False
888,5666,5,False
888,24,3,False
888,5011,1,False
889,2822,1,False
889,293,1,False
889,7666,3,False
889,8630,5,False
889,9986,3,False
890,6588,3,False
890,2284,3,False
890,6016,4,False
890,8325,2,False
890,2625,1,False
891,1222,3,False
891,8174,5,False
891,7732,5,False
891,9758,1,False
891,4175,1,True
892,59,2,False
892,8017,4,False
892,664,4,True
892,9844,4,False
892,527,3,False
893,9173,5,False
893,7151,3,False
893,7973,3,False
893,2024,1,False
893,809,1,False
894,6378,1,False
894,5643,3,False
894,9778,5,False
894,2299,1,False
894,2457,3,True
895,5847,4,True
895,4431,1,False
895,6543,2,True
895,5140,5,False
895,2319,3,False
896,8282,1,False
896,4150,4,False
896,2659,2,False
896,928,4,True
896,3177,5,False
897,1519,1,False
897,3628,3,False
897,7258,1,True
897,7014,3,False
897,3335,3,False
898,8552,3,False
898,7451,1,True
898,7941,4,False
898,2142,2,False
898,7888,5,False
899,5895,1,False
899,9990,2,False
899,8231,1,False
899,543,3,False
899,2694,1,True
900,5151,4,False
900,8155,2,False
900,8595,1,False
900,588,2,False
900,5208,2,True
901,2618,3,False
901,2672,3,False
901,2766,1,False
901,1637,2,False
901,5756,4,False
902,3672,4,False
902,9990,1,False
902,5250,2,True
902,9505,4,False
902,9949,3,False
903,8630,5,True
903,6519,1,False
903,4792,2,False
903,7241,1,False
903,5227,5,False
904,7470,2,True
904,2063,5,False
904,7933,5,False
904,2892,1,False
904,3511,2,False
905,2831,4,False
905,1841,3,False
905,5705,3,True
905,9422,5,False
905,2988,3,False
906,9125,1,False
906,3640,2,False
906,9122,1,False
906,7698,2,False
906,2947,4,True
907,8673,2,False
907,4773,4,False
907,1548,1,True
907,8055,2,False
907,6991,4,True
908,4114,2,False
908,694,1,False
908,7745,1,False
908,7895,4,False
908,8687,3,False
909,7798,4,False
909,8924,4,False
909,625,3,True
909,1437,3,False
909,3081,1,False
910,4488,1,False
910,5181,2,False
910,8803,1,True
910,8902,3,False
910,3737,3,False
911,8412,3,True
911,376,2,False
911,5999,5,True
911,2952,2,False
911,6590,1,False
912,985,5,True
912,5970,5,False
912,9764,1,True
912,5013,3,True
912,6276,4,False
913,6881,2,False
913,7986,2,False
913,5305,1,False
913,9303,2,True
913,4092,1,False
914,5216,3,False
914,2815,5,False
914,6660,1,False
914,6263,2,False
914,5353,3,False
915,8894,1,False
915,2343,5,False
915,1305,3,False
915,4980,5,False
915,3203,2,True
916,8550,4,False
916,7196,2,False
916,5011,4,True
916,147,4,False
916,11,4,True
917,9831,4,False
917,8435,2,False
917,5931,4,False
917,1380,2,False
917,9531,4,False
918,356,3,True
918,972,2,True
918,9026,3,False
918,1251,1,False
918,4401,2,True
919,5646,3,False
919,9514,2,False
919,4031,2,False
919,100,4,False
919,8941,1,False
920,7009,2,False
920,6513,3,False
920,6303,1,False
920,1914,3,False
920,87,2,False
921,4269,3,False
921,1863,2,False
921,1215,1,False
921,5484,4,False
921,6470,2,False
922,1658,2,False
922,10,3,True
922,6733,5,False
922,6637,1,False
922,547,3,True
923,9988,3,True
923,5801,5,True
923,7492,4,False
923,7914,3,False
923,5124,2,False
924,4890,5,False
924,1659,2,False
924,2840,4,False
924,601,1,False
924,7501,4,False
925,4389,3,False
925,3188,3,True
925,6112,1,False
925,9992,2,False
925,1893,4,False
926,6277,4,False
926,2790,2,True
926,6869,3,False
926,6108,3,False
926,7507,5,True
927,9485,3,False
927,4849,4,True
927,9187,5,False
927,4385,5,False
927,9949,1,False
928,6158,2,False
928,9848,2,False
928,9534,3,False
928,1852,5,False
928,3362,4,True
929,3417,5,False
929,5527,2,False
929,3738,4,False
929,4092,2,False
929,7811,4,False
930,1796,4,True
930,2456,4,False
930,4446,5,False
930,5195,4,True
930,687,2,False
931,9427,1,False
931,8219,4,False
931,2720,4,False
931,7612,1,True
931,4209,5,False
932,6042,1,False
932,5010,1,False
932,7081,4,False
932,1059,4,False
932,7687,3,False
933,4986,3,False
933,299,1,False
933,4811,4,False
933,7334,5,False
933,9698,5,False
934,6328,2,False
934,5436,5,False
934,5736,2,False
934,2089,1,False
934,5045,3,False
935,7551,1,True
935,8484,4,False
935,5033,1,True
935,7496,3,True
935,4119,5,True
936,2694,3,False
936,8401,3,False
936,7823,4,False
936,666,5,False
936,9825,4,True
937,6871,1,False
937,3294,4,False
937,153,3,False
937,9688,5,False
937,17,4,False
938,5223,4,False
938,1620,4,False
938,3148,5,True
938,8912,1,False
938,686,2,False
939,9472,2,False
939,4029,1,True
939,9138,5,True
939,5672,1,False
939,3432,1,False
940,3103,4,False
940,8513,5,False
940,2655,3,False
940,319,5,False
940,4113,1,True
941,38,2,False
941,4833,1,False
941,6004,3,True
941,6863,1,False
941,534,5,False
942,694,5,False
942,9955,5,True
942,2375,3,True
942,3299,2,False
942,6480,2,False
943,5175,3,True
943,1650,5,False
943,3964,4,False
943,1373,4,False
943,2940,3,True
944,8727,4,False
944,7961,3,False
944,9876,1,True
944,7079,4,False
944,8410,2,False
945,8341,4,False
945,5482,2,False
945,8436,3,False
945,7274,1,True
945,9276,3,True
946,6699,1,True
946,5647,5,False
946,8931,4,False
946,945,1,True
946,6090,1,True
947,1620,3,False
947,5880,3,False
947,570,2,False
947,5435,3,False
947,3869,2,False
948,3667,4,False
948,1466,4,False
948,1323,5,True
948,1620,2,False
948,8190,4,False
949,6618,3,False
949,5610,5,False
949,761,1,False
949,2162,3,False
949,1526,4,False
950,5593,4,True
950,6771,1,False
950,513,5,False
950,6672,2,False
950,2827,3,False
951,7645,1,False
951,3923,2,False
951,9518,2,False
951,213,4,False
951,9471,3,False
952,8910,5,True
952,4036,2,True
952,9952,4,True
952,6828,2,False
952,3939,1,False
953,4935,3,False
953,1766,1,True
953,8081,5,False
953,960,2,True
953,2552,5,False
954,856,2,False
954,7844,5,True
954,3181,4,False
954,2407,3,False
954,650,2,False
955,2699,1,False
955,363,3,False
955,1102,4,True
955,8815,3,False
955,76,5,False
956,6571,5,False
956,9052,3,False
956,7824,1,False
956,153,1,False
956,7568,3,False
957,6560,5,False
957,366,5,False
957,7199,1,False
957,2862,4,False
957,3246,4,True
958,3178,3,False
958,503,1,False
958,6332,2,True
958,6523,5,True
958,6307,4,False
959,8936,1,False
959,6931,2,False
959,2897,2,False
959,9042,3,False
959,8586,2,True
960,6812,5,False
960,1440,2,False
960,151,2,False
960,8872,2,False
960,4861,1,False
961,6392,4,False
961,7236,4,False
961,8128,4,False
961,7810,1,False
961,8280,4,False
962,443,1,False
962,3765,4,False
962,5044,1,False
962,7060,4,False
962,4552,1,False
963,2076,4,True
963,3966,3,True
963,8151,1,False
963,9213,1,False
963,8111,3,False
964,897,3,False
964,9029,2,False
964,727,4,True
964,1649,2,False
964,3739,2,False
965,1265,3,False
965,3957,1,True
965,6949,3,False
965,4985,3,True
965,3507,1,False
966,9361,2,False
966,4810,2,False
966,2414,1,False
966,4180,2,False
966,8965,5,False
967,6830,5,False
967,4021,2,False
967,653,4,False
967,2227,3,False
967,9654,4,False
968,3645,3,False
968,3588,4,False
968,299,3,False
968,9888,4,False
968,1232,2,False
969,4411,3,False
969,3554,2,True
969,5848,1,False
969,6878,2,False
969,9097,5,False
970,7009,1,False
970,4268,1,False
970,8849,2,False
970,5558,1,False
970,4761,2,True
971,55,4,False
971,2039,5,False
971,5803,2,False
971,8167,3,False
971,5998,2,False
972,2557,1,True
972,297,1,False
972,9679,3,False
972,1738,1,False
972,2295,1,False
973,4955,5,False
973,7619,4,False
973,4231,1,False
973,4957,4,True
973,8509,5,True
974,3748,2,False
974,5774,1,False
974,9323,2,False
974,7919,2,True
974,8157,1,False
975,3320,5,False
975,6708,3,True
975,7120,3,True
975,6230,1,True
975,7598,4,False
976,5359,2,True
976,2333,3,False
976,8268,5,False
976,7526,4,False
976,6888,1,False
977,587,3,True
977,2450,2,False
977,8040,5,False
977,1204,5,True
977,1122,1,False
978,468,3,True
978,8934,3,False
978,1073,1,False
978,742,4,False
978,7704,1,False
979,1159,1,False
979,3274,5,False
979,5066,1,False
979,482,2,False
979,7946,2,False
980,2926,2,False
980,3893,2,False
980,879,1,True
980,7408,2,False
980,8802,2,False
981,761,5,True
981,8451,2,True
981,3031,3,False
981,1172,1,False
981,8000,4,False
982,9076,5,False
982,8209,2,False
982,963,5,False
982,7249,5,True
982,2055,4,False
983,717,2,True
983,7419,3,False
983,7747,2,True
983,5238,2,False
983,8726,3,False
984,9383,3,False
984,9338,2,False
984,4052,3,True
984,4383,3,False
984,6156,5,False
985,6424,4,False
985,2955,2,False
985,4796,5,False
985,4291,2,True
985,3477,5,False
986,3783,2,False
986,113,5,True
986,6500,2,False
986,1116,1,False
986,164,3,False
987,5999,1,False
987,8115,2,True
987,4504,2,False
987,4450,3,False
987,2834,3,False
988,9156,3,False
988,4135,4,False
988,1449,3,True
988,6685,3,False
988,8659,2,True
989,5700,3,False
989,4346,4,False
989,7040,4,False
989,7347,1,False
989,6700,3,False
990,6847,3,False
990,1678,3,True
990,8843,3,False
990,9105,4,False
990,9513,1,False
991,305,4,False
991,3005,5,False
991,8617,2,False
991,4920,1,True
991,5302,4,False
992,205,3,True
992,213,1,False
992,6004,1,False
992,1220,1,False
992,691,5,False
993,9752,1,False
993,3044,1,False
993,9011,5,False
993,4574,1,False
993,1695,5,False
994,8083,3,False
994,2479,3,False
994,9857,1,True
994,5885,2,True
994,9603,1,False
995,5464,1,True
995,13,1,False
995,3453,2,False
995,9416,3,False
995,2894,3,False
996,6434,2,False
996,7774,4,False
996,8043,2,False
996,3653,2,False
996,7919,4,False
997,5940,4,False
997,7059,1,False
997,4836,1,False
997,4118,5,False
997,8028,5,False
998,1537,4,False
998,770,2,True
998,4388,4,False
998,8576,3,False
998,6448,5,True
999,942,5,False
999,9353,1,False
999,355,3,False
999,5325,3,False
999,4040,4,False
1000,8779,4,False
1000,9671,2,False
1000,1013,1,False
1000,559,3,False
1000,7231,3,False
1001,8141,1,False
1001,4536,3,False
1001,9781,5,True
1001,291,4,False
1001,1474,1,True
