NVNAVOPYE,28,01-27-2021 00:02:41,05-15-2021 04:17:41
HEPZBKF,19,08-28-2020 21:34:11,01-29-2021 07:44:02
UJYF,56,09-02-2020 14:20:01,07-17-2021 05:48:59
XBDVVERKOG,79,01-18-2021 08:57:29,10-23-2022 13:10:34
MQTJDMYP,58,03-11-2020 20:23:19,07-14-2020 19:37:33
TZZPPGRV,27,09-12-2021 22:24:05,12-25-2022 10:35:47
XFUDPJJ,79,05-25-2021 01:01:05,12-13-2021 00:49:01
DJGHCEKRJR,68,08-02-2020 02:11:32,10-21-2022 15:56:13
SUEXEX,85,05-13-2021 00:46:30,11-07-2022 21:55:29
EFZGRMMG,29,10-15-2020 23:42:16,07-07-2021 19:43:32
WDOSLQGW,78,06-12-2021 15:06:03,08-09-2021 02:30:10
GJR,16,10-30-2020 20:40:19,03-22-2021 01:13:36
RGFKYLYL,8,06-11-2021 15:56:58,06-29-2021 08:38:50
GRDDPWDYF,90,10-30-2020 21:55:01,09-05-2021 14:26:22
SMRVIIY,8,09-04-2021 13:28:10,01-05-2022 10:41:31
RNFXJ,61,06-13-2021 03:59:32,04-27-2022 13:10:57
HUIHJXE,95,02-05-2020 11:50:39,05-31-2022 01:32:45
HNZFJEU,80,04-12-2020 19:04:34,08-07-2021 19:48:30
MREEKILXK,87,03-17-2021 07:06:36,02-02-2022 04:12:18
UKV,85,07-04-2021 16:49:49,08-10-2021 00:52:00
XNIBZ,72,04-14-2021 02:57:16,11-21-2022 22:12:40
TZQ,60,02-08-2020 17:24:06,11-14-2021 14:50:46
CYYRGA,87,11-20-2020 06:29:09,07-23-2021 20:27:17
LLA,87,02-14-2021 09:04:58,06-04-2022 18:44:41
JFKP,89,05-21-2020 12:50:54,10-24-2020 03:51:18
SUEOXPSGBH,45,03-30-2020 09:47:37,11-25-2020 07:44:21
SCKNQTD,6,10-19-2021 09:17:32,11-07-2022 11:10:23
HTBKEAHRPL,44,08-28-2021 09:23:03,12-23-2022 09:03:10
CIZ,38,10-07-2020 07:47:12,06-12-2022 14:41:54
PYMCJ,67,07-19-2021 23:13:15,09-13-2021 00:12:02
URVFVYR,44,04-06-2020 13:34:56,04-20-2022 19:13:20
KWPM,20,05-09-2020 08:49:55,10-03-2022 06:26:49
PZEQKLUFC,38,12-14-2020 09:28:17,11-29-2022 02:21:38
OLLELZEIJF,90,01-22-2020 10:51:16,04-18-2022 06:41:06
NKZNHZPGFX,47,02-28-2021 09:28:16,12-02-2022 17:37:06
FFZDH,55,11-12-2021 16:42:16,12-22-2022 13:06:38
JURZHTCWAK,96,11-29-2021 06:43:28,08-03-2022 11:30:37
BHNORELP,9,09-13-2021 08:04:15,11-18-2021 01:55:59
DGP,98,10-17-2021 12:27:20,09-30-2022 22:45:44
SPTXTTBB,12,06-11-2021 01:29:12,07-18-2022 09:40:33
MVKB,77,11-20-2020 13:06:51,08-23-2022 21:12:52
RYFMSBUMPD,43,02-20-2020 23:15:40,03-28-2022 14:38:53
XPVQDHG,37,07-20-2021 13:56:45,04-06-2022 00:36:59
WZH,78,07-11-2021 01:22:02,09-12-2021 10:52:03
QSBYX,13,12-31-2020 18:00:39,08-28-2022 03:44:51
BFGQK,84,09-26-2020 06:21:34,07-26-2021 03:30:10
OOFDKFWHY,92,04-28-2021 03:37:06,12-14-2021 08:39:39
XUPMX,16,02-07-2021 02:59:50,12-07-2022 10:36:56
BUTJSG,6,12-01-2021 13:08:51,01-01-2022 14:26:28
NBBDTLOUGA,68,11-22-2020 07:26:19,12-21-2021 04:35:35
XHUVEFD,54,08-24-2021 01:01:36,12-23-2021 08:00:12
PWV,64,11-02-2021 03:12:08,07-12-2022 04:18:15
EDSBSAY,47,02-24-2020 18:32:36,09-08-2022 12:59:40
KKJWG,1,08-15-2020 18:49:03,03-12-2022 04:59:12
WMH,59,03-28-2020 07:07:14,04-07-2022 19:33:27
KNBKRXPT,71,05-08-2021 22:19:40,01-17-2022 21:45:14
EEBQT,19,04-07-2020 06:34:05,03-19-2021 09:48:13
AMJTISFU,90,02-26-2020 20:45:17,09-18-2020 22:49:38
PVWEPSMGH,68,02-14-2020 22:32:05,09-21-2021 16:55:39
AYUWTXEJF,15,03-09-2021 13:15:32,06-22-2022 21:27:06
PXUNW,32,12-18-2020 04:51:55,09-08-2021 14:09:20
SGENP,90,12-14-2020 19:36:50,04-09-2022 09:40:47
APNGCIKYJN,30,02-26-2021 08:03:48,10-11-2022 04:40:47
OZGTCNBEU,14,08-02-2021 20:43:06,02-15-2022 01:40:27
ONVEBPPR,68,10-29-2021 13:22:10,05-10-2022 23:56:34
DSOGB,27,02-16-2021 17:33:46,05-09-2021 12:36:58
XCMVOXDHG,16,10-23-2020 06:19:43,07-08-2022 12:45:55
HISYVYKQHD,39,04-20-2020 22:11:52,05-30-2022 16:38:21
ULS,51,11-21-2021 03:40:48,11-29-2021 00:08:44
JEXW,51,01-05-2020 23:44:30,07-20-2021 05:10:25
GAO,82,06-27-2021 11:05:19,02-09-2022 16:10:34
HDJWLT,43,11-23-2020 13:14:31,04-10-2022 20:55:47
HWHQKJSZW,63,10-29-2020 13:29:06,10-06-2021 13:37:36
WKKVBG,24,10-09-2020 10:11:05,01-05-2021 22:56:37
MPETN,99,11-12-2021 12:59:32,08-13-2022 18:42:51
XGAXXWWEZ,91,01-04-2021 10:48:16,06-20-2021 18:31:00
NCIAIHOJ,78,11-03-2020 23:33:56,10-13-2021 06:02:03
KFFEQBUNBJ,11,06-11-2020 19:03:55,09-04-2022 14:23:13
JKIMQSNR,92,07-05-2020 09:12:57,09-12-2020 12:24:15
WDXLCQY,59,12-07-2020 20:13:08,03-09-2021 14:12:11
EFNV,28,12-08-2020 06:07:14,03-29-2022 04:43:59
QDUU,24,07-12-2020 23:16:15,08-13-2022 04:17:47
GTWQWC,37,04-18-2021 20:45:09,06-13-2022 03:08:04
KOAYGO,3,04-02-2020 05:17:31,11-13-2022 09:22:07
IVLT,85,01-06-2020 00:02:10,04-16-2022 21:49:19
SGHGMSJKI,29,07-28-2021 16:10:06,01-31-2022 04:37:46
AJMG,37,03-28-2021 02:23:32,08-08-2021 05:11:28
QCREB,17,11-12-2021 01:29:34,09-15-2022 07:39:15
YADNO,100,01-20-2021 19:51:21,04-08-2022 04:04:07
MGMTFG,64,11-30-2021 16:18:45,02-22-2022 13:50:14
BSX,2,06-19-2020 22:28:08,10-30-2022 21:50:49
IZXZQ,11,07-20-2020 07:03:39,02-18-2021 19:21:17
KQOTDBLYR,57,06-03-2021 04:29:18,12-18-2022 22:20:38
NIPSCM,20,10-01-2020 12:13:05,11-04-2020 15:57:38
GBCLIDDYVU,28,12-14-2020 17:20:55,11-17-2021 18:18:37
SJRZM,49,01-08-2020 11:34:35,10-05-2021 06:48:21
BPYKNDG,50,05-13-2020 01:33:16,05-17-2020 21:30:28
GIRKE,31,10-14-2021 13:16:49,02-28-2022 11:15:45
XXUMRD,92,03-01-2020 23:08:03,12-25-2021 13:27:25
GXHF,33,09-21-2020 06:43:31,04-29-2022 04:19:12
GUZ,46,08-15-2020 08:58:03,04-06-2021 15:32:12
MSMVOZUQUC,5,08-23-2021 08:07:53,10-10-2022 09:28:26
WBUGSCO,5,07-16-2020 05:24:41,10-09-2021 09:06:11
NAURNG,43,09-17-2021 02:32:55,03-24-2022 13:48:32
ITHSQECI,45,10-09-2020 02:24:34,01-04-2022 10:46:56
QOFZAHC,17,09-22-2020 03:09:12,10-06-2020 14:32:37
VIINFDWORB,9,05-26-2021 18:04:23,10-05-2022 09:10:06
EWGCU,56,07-25-2020 10:05:53,11-21-2021 03:50:54
AOQONBQ,44,05-27-2020 13:38:17,03-29-2022 04:26:46
RNIIW,73,10-25-2020 08:58:25,05-09-2022 01:50:54
XDVFPLABWJ,81,10-02-2020 07:51:32,11-13-2022 08:58:42
MMU,36,05-23-2020 19:17:23,03-07-2022 05:21:07
DMLS,91,03-18-2020 23:59:41,01-05-2021 11:33:36
WDWUO,56,11-15-2021 21:42:22,08-19-2022 13:04:05
EBANNUOG,50,06-25-2021 10:52:11,07-25-2021 07:01:08
SDDOQUVHES,47,01-04-2020 11:45:34,04-21-2020 06:11:00
LIYQRX,4,09-01-2020 12:18:59,05-04-2022 11:19:04
ZNOIE,52,11-04-2021 02:45:50,06-29-2022 20:50:29
IUV,91,05-13-2021 13:45:35,11-20-2022 22:04:11
LBQ,89,07-31-2021 23:55:16,12-04-2022 06:44:25
XREEDQKNK,33,08-30-2021 15:40:46,03-20-2022 00:21:55
ZIUCCEHBNQ,10,05-29-2020 19:40:28,05-09-2022 00:59:53
QBKVHO,8,02-26-2021 02:30:28,05-01-2021 02:51:48
AOFFDRTS,82,04-02-2020 07:27:50,10-30-2020 17:57:21
WJGRFCHK,50,02-10-2020 13:39:21,08-31-2022 08:00:30
SRECS,80,08-10-2021 13:34:48,02-25-2022 06:33:47
DPVBPJU,46,03-15-2020 19:15:34,09-23-2020 10:39:48
SJG,84,11-27-2021 17:16:38,12-08-2021 07:40:02
XCTZECSP,34,01-22-2020 14:09:59,10-25-2022 05:15:32
RESF,5,04-29-2020 19:50:08,07-11-2022 07:58:24
XARXKIO,21,05-12-2021 04:42:08,10-22-2022 05:46:59
XWRBXG,51,02-04-2020 07:21:41,01-21-2021 01:07:07
HRYSIV,47,11-11-2021 19:21:53,02-26-2022 23:49:54
DAWAUPZBQ,66,01-03-2020 20:54:48,03-03-2020 04:26:32
OFF,100,04-28-2020 22:57:42,12-10-2021 01:42:10
VDJ,92,07-11-2020 14:17:07,02-10-2021 16:59:28
ABDVIYWW,61,10-23-2020 12:30:32,10-08-2021 02:21:55
MZVDNOBCF,100,01-03-2021 14:15:58,11-15-2022 14:06:00
OFTUGB,7,04-22-2020 00:13:03,12-22-2021 15:02:44
NMY,56,03-22-2020 09:57:47,03-08-2022 01:35:44
IRVEZOAWRG,99,01-02-2021 03:21:45,05-06-2022 16:26:30
KXJ,75,09-09-2020 04:18:34,12-13-2021 01:34:40
GPWJNLSGF,22,01-25-2020 06:05:29,11-24-2021 03:10:55
YHKEWLHHI,4,02-12-2021 00:22:03,05-28-2021 07:18:59
STMLRGYSVS,21,09-23-2020 00:10:15,11-11-2022 03:44:18
BHTMCMVT,50,01-01-2021 01:10:13,02-02-2022 09:05:11
YZQJIAE,91,11-15-2021 16:07:45,12-22-2022 07:56:34
KHKH,66,03-27-2020 08:38:16,05-15-2021 15:09:43
TPAUQ,62,09-04-2020 06:32:33,02-19-2021 06:15:44
TKIQLICUOA,22,01-21-2020 00:36:08,10-16-2022 05:15:55
TAFKK,52,07-24-2020 03:41:41,08-26-2020 00:56:07
VIWCT,12,05-15-2021 06:05:45,08-15-2022 03:13:33
RAXYFRZHY,24,06-27-2020 11:14:06,10-15-2022 21:11:55
ISRHDDUX,72,03-12-2020 15:30:16,04-29-2021 03:03:09
LFHQHSQHDA,52,03-09-2021 15:02:23,09-04-2022 04:01:19
LFYSOTJMZZ,36,06-23-2020 11:08:54,07-07-2020 09:39:04
SXWEPVMYSH,37,06-03-2020 19:26:16,06-21-2022 04:52:27
OFRGSTLK,81,10-05-2020 15:36:23,08-07-2022 14:50:07
SUNZTYP,58,04-29-2020 19:43:45,10-16-2021 05:33:30
MWRLJY,60,02-02-2021 20:58:38,01-27-2022 13:06:05
JAZQJE,41,11-02-2020 05:41:44,10-21-2021 10:58:02
ZDCEKQFPS,30,02-03-2020 22:30:46,02-16-2020 12:13:12
BGQFVEYSB,80,10-19-2021 04:36:36,09-06-2022 16:34:20
BWLV,61,09-19-2021 02:41:12,09-19-2021 09:34:51
KYCXBSTRX,18,04-07-2021 20:25:29,05-14-2022 10:34:40
NFFB,19,04-27-2021 04:52:32,12-17-2022 22:04:35
TDIKA,16,03-10-2021 15:39:59,05-31-2021 14:53:50
GUYXRVTDRQ,30,12-18-2020 11:28:36,06-29-2021 11:17:43
YWBLAVNX,55,07-06-2020 05:40:27,08-03-2021 14:16:54
YLOHFWYBEP,67,05-05-2021 00:53:33,10-09-2022 21:33:30
XIBT,21,08-17-2021 18:34:56,08-16-2022 17:56:01
JVJUOPXUJ,67,05-25-2020 17:55:19,10-17-2021 08:34:05
ACSEH,89,04-24-2021 18:21:57,05-13-2022 00:50:06
FBZFQM,1,02-03-2020 19:40:55,05-10-2020 13:04:48
MTFIF,97,02-04-2021 13:45:07,01-01-2022 02:09:32
URJICSW,57,05-30-2021 03:33:29,01-31-2022 18:41:29
DLFIWXKKTC,52,06-10-2020 00:46:30,10-24-2020 01:33:24
ETVKAZHHZ,49,02-26-2021 11:18:27,04-19-2022 17:28:53
EYZA,54,04-24-2021 05:57:51,12-03-2022 09:13:50
QMNMYBSA,20,12-27-2020 18:14:37,07-16-2021 11:02:14
EORL,50,08-02-2021 10:02:59,08-31-2022 01:43:54
LEWCQEZX,68,01-07-2021 09:25:16,12-11-2021 00:48:13
UTGFWGHB,91,11-29-2020 19:30:17,06-10-2021 08:19:32
GNG,38,10-17-2020 07:02:00,08-07-2021 17:43:55
RCI,64,09-28-2021 12:37:26,10-15-2021 13:51:46
RRZFVPD,74,03-21-2020 22:15:14,06-08-2022 19:23:34
SEZB,29,09-26-2020 18:31:44,02-24-2021 04:05:11
ZKYUFM,45,05-02-2020 16:37:02,06-24-2021 20:11:10
YCKYQGDO,1,03-05-2020 16:29:20,12-26-2022 09:46:25
QKXBFPFL,26,02-02-2021 05:36:59,04-09-2022 01:27:50
SEARGEYQ,38,07-06-2020 05:18:38,05-16-2022 00:13:18
BRHOTIQ,71,05-22-2021 13:58:12,12-31-2021 20:08:07
OMU,67,04-18-2020 18:07:56,05-26-2021 23:40:20
OVE,33,08-30-2020 22:03:19,12-06-2022 14:05:13
UKWICKYBEF,24,12-03-2021 06:27:21,03-13-2022 05:13:34
ANBGMOVYWD,91,11-19-2021 21:20:19,08-24-2022 09:53:30
MLPHCN,4,05-20-2020 18:44:11,05-17-2021 03:56:21
WKINGRJMB,100,08-20-2020 12:58:32,09-22-2020 05:12:32
PSDIALBZGE,2,11-29-2021 08:51:38,01-31-2022 20:38:08
YZM,58,06-07-2021 14:06:56,01-07-2022 19:11:06
YINDNEMSN,7,02-01-2021 02:52:00,10-22-2022 13:43:37
KMKU,85,04-14-2020 11:03:23,11-02-2022 06:02:51
AHITYAJ,18,01-18-2020 11:28:04,02-01-2022 06:36:06
FRPHQW,90,09-14-2020 18:38:47,03-10-2022 22:20:11
UUUPQDMWN,22,01-30-2021 20:41:43,05-19-2021 19:25:48
VNPVBPKNJA,77,03-21-2020 04:02:56,04-23-2021 09:36:21
QLU,80,05-14-2020 19:53:08,11-25-2021 15:49:53
AZAFWRQ,31,11-01-2020 06:56:20,12-17-2022 17:04:21
SEWFBIEO,95,06-11-2020 00:51:44,01-28-2022 11:37:49
QPZHEV,81,10-30-2021 22:07:10,04-24-2022 23:57:41
CUB,83,05-18-2021 12:14:33,08-31-2021 19:02:02
VRVW,80,05-26-2020 20:25:23,08-30-2020 07:54:51
YQYMZZVO,83,03-01-2020 12:10:09,02-12-2022 00:11:22
UADVX,86,05-03-2020 12:50:09,12-03-2022 05:14:10
NJQOFORMZ,88,07-20-2021 04:54:34,10-05-2021 21:11:11
NOHABDCAO,18,11-21-2021 00:08:09,02-24-2022 10:32:02
UYUQQEUEZ,7,06-11-2020 12:28:59,03-14-2022 04:39:10
COG,94,06-30-2021 07:23:00,02-16-2022 03:35:53
VYRCMXCDU,83,06-10-2020 00:36:52,12-11-2022 07:27:06
RDONU,2,11-02-2021 19:09:06,12-12-2021 20:06:55
THIH,98,01-29-2021 00:48:32,05-13-2021 13:36:35
XAQR,43,03-25-2021 05:25:33,10-29-2022 14:13:01
EKXJ,61,02-20-2021 02:13:02,04-04-2022 23:53:02
EWOC,71,11-26-2020 18:49:47,01-03-2022 15:11:07
VHUT,41,04-25-2020 02:27:26,08-12-2020 13:39:27
ITDIB,73,08-23-2020 02:53:05,02-21-2022 07:05:52
UQMVYROBTY,44,09-07-2021 13:15:05,10-10-2022 11:37:58
MEF,56,08-18-2021 10:10:55,12-12-2022 05:13:17
CAFCSX,24,09-21-2020 19:02:21,11-14-2021 01:49:52
ZVXAHMIMUJ,93,05-04-2020 19:57:57,07-11-2020 16:57:00
BZIUOTZVKZ,77,10-03-2021 11:41:53,02-15-2022 04:13:35
QRWOSHWMTM,33,07-06-2020 19:26:11,10-18-2022 04:09:36
WMRGQHNC,69,07-01-2021 07:41:34,10-07-2022 14:15:29
UXKJ,46,04-15-2021 02:21:34,10-25-2021 13:25:45
CVPO,26,10-01-2020 22:04:50,06-25-2022 17:26:12
MCXFICEA,89,01-12-2021 19:55:02,12-04-2021 21:08:42
SMKKCVUR,21,08-15-2021 13:38:57,03-10-2022 06:36:57
QUSZLJLZPE,3,10-25-2021 17:16:24,11-28-2022 05:33:51
XQZUMCEW,40,03-12-2020 01:16:52,09-11-2022 15:00:14
KODWFXTOI,24,04-03-2021 13:22:06,09-26-2021 02:36:30
GLZPM,35,06-07-2020 18:58:15,10-07-2020 15:20:12
UIYJT,3,09-29-2020 23:28:41,10-15-2022 05:34:20
NMELG,89,11-04-2021 00:22:33,06-08-2022 22:19:21
AHKEAG,63,02-22-2021 07:19:04,03-26-2021 04:48:40
XIXIXWHO,91,05-26-2020 14:28:13,10-29-2020 13:01:29
ZSEOOUJF,76,12-06-2021 15:14:40,02-18-2022 14:00:55
LVXVU,69,05-31-2020 12:35:17,03-03-2021 11:33:56
NYTC,50,07-25-2021 08:40:11,05-19-2022 14:08:39
OLDIP,57,02-04-2021 23:33:33,09-19-2022 09:15:36
KKZFUAYHB,30,07-05-2020 23:10:50,11-30-2020 18:09:26
VUCBLEWFG,25,03-03-2021 09:09:34,05-25-2022 09:58:56
FSVIYGPSY,27,06-29-2021 07:15:45,11-11-2022 21:30:17
YWA,28,10-03-2021 07:40:16,10-08-2021 18:28:23
MYFRP,43,07-27-2021 05:34:54,12-25-2022 04:40:54
TEGZFIL,18,11-13-2020 22:58:50,11-21-2021 21:28:14
ZHR,48,07-28-2021 03:51:17,11-18-2021 05:49:33
AQLS,25,06-04-2020 12:32:45,09-06-2021 02:09:16
HMUHEGIJF,45,04-30-2020 15:51:26,10-27-2022 01:21:39
TWMGI,57,10-21-2021 09:10:12,12-11-2022 21:10:32
WRPYETWFM,6,01-24-2020 09:15:22,12-21-2022 07:14:54
YNEK,49,05-06-2020 04:44:18,05-10-2021 06:43:04
JELA,64,05-20-2021 00:20:01,09-19-2022 19:59:27
AHFNHH,20,10-20-2021 20:11:26,03-07-2022 13:31:59
FEGE,34,03-25-2021 04:37:32,02-14-2022 07:09:13
KHY,8,09-26-2020 13:15:07,02-25-2022 15:04:04
HUBPMOE,19,07-11-2020 12:23:33,10-01-2022 19:07:49
XYANEC,17,07-06-2021 02:23:27,03-20-2022 21:14:00
WPXHMHUPT,58,01-21-2020 09:35:24,09-12-2021 12:33:25
COOGWFDAIA,14,10-14-2021 06:26:16,08-09-2022 05:22:14
KTNVFNT,89,01-13-2020 01:44:57,11-30-2020 19:10:43
NKQIWQLK,53,08-28-2021 08:21:58,12-05-2021 09:26:58
MNVW,88,10-12-2021 18:27:21,07-14-2022 18:11:42
SVEZCXEXB,90,10-27-2020 00:20:32,11-11-2022 16:14:26
ULVJPI,36,02-13-2021 05:00:06,05-20-2021 20:24:47
AHENXKTI,60,07-22-2020 03:13:39,11-17-2022 02:19:40
WUFFL,40,02-27-2021 03:18:21,05-27-2021 11:46:14
UFGMMRJ,57,05-08-2020 14:31:27,01-21-2021 00:51:01
NRIKDDAGQG,49,06-11-2020 01:42:30,07-14-2021 12:25:03
LHARJHAVX,30,08-08-2020 00:55:12,01-28-2022 19:02:28
YSMTLNOI,29,11-30-2021 02:45:34,11-24-2022 04:10:15
HTGWOMZX,67,09-27-2021 18:53:57,02-16-2022 07:40:48
QXFCBV,60,09-07-2021 05:08:55,08-15-2022 15:23:48
ADDZILKW,52,04-21-2021 11:19:26,11-24-2021 03:09:09
EBYMMA,79,08-17-2020 06:16:42,05-29-2022 23:17:04
KKDCRHTHNO,37,01-11-2021 11:34:24,11-18-2021 14:13:17
GHJ,20,11-05-2020 23:29:29,09-07-2022 08:22:27
LYZREFYTV,75,05-16-2021 23:59:43,09-25-2021 23:40:06
BWWDLRTG,20,05-22-2020 04:18:07,07-03-2022 09:57:15
OJFL,23,01-08-2020 16:45:55,10-20-2022 23:18:12
JJUQBIIUI,61,09-24-2021 20:25:46,05-02-2022 12:41:32
PBQRXDH,38,06-19-2020 16:32:53,05-27-2022 04:01:02
CKTWCWT,38,08-27-2020 21:03:35,11-25-2020 23:27:52
BCT,22,12-30-2020 20:26:18,05-19-2022 05:28:51
EBMH,14,02-29-2020 16:15:07,06-10-2020 03:31:26
KFZE,61,07-11-2021 09:26:52,06-22-2022 13:38:24
CHTSA,11,05-01-2021 15:19:27,05-30-2022 01:58:43
LCE,49,11-27-2021 05:27:01,09-11-2022 23:38:21
DDUPDEFS,47,07-25-2021 00:53:55,03-02-2022 08:02:19
ABANJKUJ,63,07-24-2021 14:57:25,08-04-2022 11:35:05
ONHCV,45,09-23-2021 15:43:16,06-01-2022 22:28:28
ZEPHNJ,15,04-24-2021 16:34:14,09-27-2022 18:54:55
SUFOWU,46,01-25-2020 20:20:46,10-12-2022 14:23:34
MBNBOINM,35,07-15-2021 07:44:49,09-15-2021 02:54:01
HAJLZWSK,33,10-13-2020 20:12:52,04-08-2021 00:16:11
ZTFDO,89,06-10-2021 21:52:07,07-14-2021 00:34:26
APIIVEQ,5,05-14-2021 09:15:42,07-10-2022 05:21:42
XCXGRQ,47,03-31-2020 21:37:26,04-26-2020 20:11:55
SYULMHULG,50,08-16-2021 13:37:52,11-25-2022 12:10:04
IWF,64,11-17-2020 02:00:11,06-28-2022 12:23:11
IJTXXLMNK,21,03-17-2021 14:12:39,03-19-2021 07:34:27
VMFIJNU,54,09-05-2020 21:16:35,12-21-2022 09:09:39
ZGFNLTAZH,65,06-06-2020 16:06:40,03-24-2022 00:51:27
MNLYVEP,92,09-22-2021 06:04:24,10-12-2021 00:30:03
ZQX,45,03-02-2021 15:38:26,03-04-2022 01:41:44
CMUEPNFKWL,22,09-04-2021 07:16:46,12-19-2022 06:17:35
GZZRSZZXNR,68,07-15-2021 20:45:48,01-05-2022 21:48:14
SAU,69,05-19-2021 23:38:21,08-25-2022 06:18:41
PGHD,44,05-31-2020 02:56:21,08-07-2020 21:30:02
ZEB,18,05-03-2021 11:03:00,04-30-2022 18:22:46
DESGY,48,02-03-2020 05:04:59,06-29-2021 14:12:12
TGFI,75,10-10-2020 17:32:09,07-18-2021 02:48:27
IYV,28,03-11-2020 22:29:27,12-20-2021 21:45:28
XWZTWKW,99,05-29-2020 04:31:47,07-18-2021 22:43:57
QYSP,58,09-23-2020 21:00:23,10-11-2021 02:05:42
XGRLI,69,03-31-2021 08:39:54,07-13-2022 22:09:41
LJIIWIZFQR,43,10-26-2021 20:28:55,10-28-2021 00:30:30
IPJSIX,11,07-07-2021 19:15:04,08-18-2022 13:18:40
UFTEYIK,8,03-28-2020 19:15:46,11-18-2020 16:10:15
RFEE,75,03-18-2020 09:59:13,02-18-2021 08:46:42
RUIXNRJ,52,07-21-2020 15:24:13,04-22-2021 21:59:04
QEHQN,87,07-25-2021 08:48:23,07-14-2022 10:18:36
RWPP,8,04-18-2020 18:16:50,10-13-2021 03:14:58
ZWDVW,13,10-07-2020 04:17:26,09-21-2021 05:22:25
QKGQ,64,10-30-2021 06:27:24,07-24-2022 01:13:21
UZTOAJVOAK,15,08-30-2020 04:03:02,07-14-2022 05:45:00
FXZDD,95,05-26-2021 19:46:59,03-14-2022 16:58:22
QPLRZBMBM,18,01-02-2020 02:04:03,05-11-2020 15:35:12
SNF,42,12-05-2021 19:09:55,08-05-2022 00:07:48
NJNMUS,50,05-19-2021 10:10:50,07-05-2022 05:09:27
UKLFLAXA,20,08-25-2021 07:21:33,01-28-2022 13:23:06
EGVO,97,08-05-2020 22:10:21,11-06-2021 23:16:48
RVRNTXBURU,97,08-05-2020 17:30:00,08-27-2020 21:36:32
RLNUMR,88,04-10-2020 19:49:51,01-13-2021 17:18:31
JZGWEWAAEJ,63,04-04-2020 07:02:18,04-21-2022 21:48:01
WJRCBM,12,09-05-2021 05:49:42,11-17-2021 14:49:36
HKSFT,17,09-17-2020 17:01:52,12-08-2022 00:44:48
FNDFEV,13,08-04-2021 19:31:08,12-29-2021 05:11:35
JJOJI,91,09-18-2020 00:05:41,02-20-2021 09:53:19
UDRU,43,11-28-2020 00:58:33,02-28-2022 16:17:56
RZZM,92,02-15-2020 21:09:27,08-04-2021 14:48:38
IEOXPGIH,72,03-16-2021 16:20:18,12-04-2021 00:22:43
RKPQOOVBVQ,17,09-18-2021 15:59:15,05-10-2022 03:12:47
PIPAQIPP,23,03-24-2021 15:39:29,12-11-2022 14:31:27
ESAXQ,69,05-13-2021 08:32:50,08-29-2021 01:26:05
QRJDZIEMK,92,10-18-2021 13:21:57,03-16-2022 06:51:00
PTN,76,07-15-2020 06:16:33,06-03-2022 07:43:42
QXV,29,11-11-2021 11:13:38,11-14-2022 10:41:56
BEU,92,09-13-2021 09:52:32,06-02-2022 03:00:51
XDPILO,16,09-30-2020 19:02:18,05-10-2022 23:14:37
PNZRS,4,06-02-2021 02:47:33,08-01-2021 10:24:25
WVDDB,28,09-08-2020 16:04:04,08-12-2022 21:56:55
OQIF,78,02-07-2020 13:18:30,12-18-2021 19:26:32
LDDHEIN,26,02-08-2021 15:49:51,09-22-2021 14:39:03
HRQA,80,09-16-2020 17:46:42,01-11-2022 00:02:05
EAVDYQ,45,09-29-2021 11:03:57,12-16-2021 11:32:36
DSLRFQA,30,09-29-2021 14:01:07,08-30-2022 01:57:02
PAJXDOIPGT,23,07-24-2021 02:52:43,01-10-2022 21:46:06
BCVO,49,01-21-2020 10:16:32,11-27-2022 21:54:45
GAWQEJVA,81,02-07-2020 01:04:16,12-13-2020 16:47:24
XJKBGNRP,19,05-20-2020 04:44:00,11-01-2022 13:48:13
OXPFDPVIT,29,11-14-2020 11:25:51,07-08-2022 21:23:35
DXGQV,83,04-24-2021 02:37:43,06-05-2022 17:45:24
LULLCH,22,08-23-2020 14:31:22,10-06-2020 08:55:01
FGHBPCNN,47,04-16-2020 23:09:59,06-25-2020 01:48:56
LIOVWD,32,04-02-2021 18:10:56,10-26-2021 13:34:39
RFRZRD,34,06-25-2021 11:12:05,09-17-2021 03:53:29
OVMYKJGZ,86,05-11-2020 04:15:21,10-31-2021 04:44:07
BBCWFPKPE,14,01-23-2021 10:59:21,12-17-2021 09:12:09
JPOSMPZP,69,03-26-2021 16:54:13,09-13-2022 10:32:44
EPSNRU,14,09-06-2021 20:53:27,12-24-2021 23:11:59
QSGWXNQFZO,53,06-19-2021 21:55:54,08-10-2021 10:30:24
EDFUPFWXYY,4,03-15-2021 15:38:22,04-22-2021 17:46:52
ZVTUMHFGF,38,10-05-2020 07:50:40,10-29-2022 08:46:30
WHFTYJ,85,11-04-2021 16:24:06,11-21-2021 14:06:37
HAFMMUYF,88,01-05-2021 21:34:28,02-16-2022 02:49:09
OTECWNKLER,93,08-30-2021 23:13:52,10-21-2021 12:56:07
PBFWONNAMH,46,07-21-2021 13:42:40,04-28-2022 18:27:36
VLKUGBUF,70,10-25-2021 19:03:12,01-26-2022 01:58:44
BHRCVPKI,32,03-15-2021 00:46:31,05-18-2021 09:21:27
IQGGBX,81,10-23-2020 09:10:52,09-20-2021 12:40:15
LXIAD,88,02-08-2020 13:59:34,06-30-2020 05:41:01
NISZQPMB,84,08-20-2021 16:02:59,09-10-2022 19:25:34
MMY,13,04-19-2020 01:48:37,09-30-2020 00:46:02
FER,79,12-02-2020 20:35:41,11-19-2021 20:02:56
UMNBTQBGPP,52,04-07-2021 00:21:57,05-17-2022 05:40:44
XDW,34,03-08-2021 09:38:26,08-04-2022 23:14:09
MQDYYAX,14,04-01-2021 01:32:07,12-26-2022 01:11:51
QDWRAFY,92,09-12-2020 14:28:48,02-23-2021 10:10:33
DIWAQY,67,06-01-2021 06:07:49,06-16-2021 18:25:00
MOVPVKMFVP,2,08-12-2021 04:57:25,11-02-2022 18:38:40
FKHXQOV,96,08-18-2021 03:29:00,02-06-2022 04:38:06
CXNEW,23,03-05-2021 08:36:16,04-14-2021 22:00:15
SSSTRYT,6,02-23-2021 21:24:35,03-22-2022 14:01:24
QOGQZSB,58,10-07-2021 12:01:58,02-19-2022 11:46:34
UPNAISMT,7,10-22-2020 04:21:16,09-13-2022 17:42:24
HFBBAYLJF,99,07-27-2021 04:20:19,06-03-2022 01:25:42
NHA,55,02-11-2021 10:31:57,07-09-2022 12:47:33
PRENMMM,67,07-03-2021 11:10:54,07-17-2021 07:48:45
QBTLFMQCQ,92,07-06-2020 04:15:49,12-11-2022 19:46:39
CWXISJSMGL,1,02-16-2020 01:45:18,07-20-2020 19:39:23
ZFUIC,69,05-06-2020 07:37:19,10-23-2022 07:29:06
EHJUT,45,08-27-2021 20:01:51,11-08-2022 12:32:52
MVT,99,10-12-2020 07:46:50,03-28-2022 03:38:46
ZJTD,25,10-07-2020 07:35:04,11-03-2021 06:35:24
LBFWA,15,09-04-2020 13:00:59,01-31-2021 18:30:35
SYXUS,41,04-26-2020 06:53:02,06-03-2021 07:41:30
ROTTT,46,09-28-2021 09:29:44,01-21-2022 16:44:27
YKEZWPKNT,4,12-08-2020 14:27:55,10-22-2021 09:51:29
RZPJ,56,01-03-2020 09:21:00,08-13-2022 03:46:38
VXRZWU,52,02-17-2020 09:58:04,06-12-2021 22:31:22
IRGGI,50,06-25-2020 22:40:04,01-07-2021 06:39:26
AVPQSAL,73,10-09-2021 10:00:33,10-31-2021 14:32:08
KOTSGXLASF,18,10-30-2021 03:35:19,05-15-2022 01:08:58
OUUQTX,62,10-07-2020 12:52:29,10-07-2022 01:33:41
BFIWQ,19,08-13-2020 08:18:40,09-27-2022 02:24:47
UZMRQXK,64,08-15-2021 05:20:31,08-04-2022 09:41:08
MRV,68,08-15-2020 03:58:54,06-06-2022 21:43:01
QINP,21,09-26-2020 14:28:40,08-17-2021 11:49:53
DGWDO,8,08-04-2020 17:29:17,03-04-2022 04:54:02
VREB,34,10-22-2021 16:30:17,01-14-2022 07:38:25
BLF,41,11-22-2021 07:11:48,05-19-2022 02:07:28
WXEZ,33,11-07-2021 02:51:34,08-01-2022 04:26:10
CGQQT,43,02-05-2021 01:29:26,05-11-2022 06:01:50
CVFGKQCHT,11,01-26-2020 09:07:49,10-11-2022 11:53:07
KVKGKEWN,18,07-31-2020 07:10:33,08-01-2021 08:43:40
LSWSA,67,08-05-2020 21:23:37,05-18-2022 06:08:12
XFNSTS,33,01-30-2021 14:42:49,07-30-2021 22:55:12
EDDINHOFRG,13,07-05-2020 19:51:05,10-19-2021 13:01:01
FYVL,31,04-17-2020 02:57:27,06-17-2020 15:03:09
YCM,32,06-17-2020 22:02:29,11-16-2020 01:46:07
JPXKHNYP,86,05-04-2020 01:50:16,11-26-2022 08:14:46
RVWUGF,63,03-26-2020 09:03:04,03-25-2021 12:39:10
JDAXYUUP,41,01-19-2020 23:08:04,08-01-2021 17:05:04
WMB,81,03-01-2021 22:54:33,11-06-2022 07:06:08
MCX,39,12-17-2020 21:15:39,09-01-2021 10:58:27
UTV,95,02-03-2020 21:54:38,07-14-2021 13:39:48
DHJ,85,04-02-2020 00:59:00,11-21-2022 22:42:25
TBF,74,08-08-2021 22:31:51,10-02-2022 21:10:52
LER,13,03-25-2020 02:52:09,12-30-2020 18:59:19
SCMV,34,11-06-2020 19:06:38,09-19-2021 20:42:31
BZD,30,04-11-2020 00:41:24,12-13-2021 19:15:59
DLNGWIVFJB,90,05-30-2021 21:14:03,03-30-2022 04:30:00
KMQCP,75,01-07-2021 16:20:45,06-09-2022 03:16:42
FPRHBRPBMW,93,08-23-2020 21:40:16,08-31-2021 15:02:57
OOQQRKEPF,53,02-18-2021 17:07:43,06-25-2021 23:25:59
LPTMBSSE,61,12-07-2020 18:13:11,05-19-2022 15:44:01
ZHQQ,34,01-07-2020 16:45:39,09-04-2021 22:19:20
KFOVRWLCW,85,03-20-2021 17:21:44,06-22-2022 07:58:36
VBX,72,07-02-2020 18:19:51,03-14-2021 19:38:57
WAWVMDHK,18,01-11-2020 06:55:28,02-23-2020 08:58:10
OLBYGOIISB,46,03-12-2020 03:56:51,07-12-2021 00:31:30
XTL,30,07-20-2020 02:25:34,02-25-2022 18:58:53
WXZ,28,05-05-2021 00:16:07,07-29-2021 10:47:09
BGLM,72,11-06-2020 13:40:32,03-21-2022 08:06:18
MFQJOEK,77,03-30-2021 16:30:57,12-13-2022 20:19:01
FOYNV,5,07-07-2021 20:47:23,08-21-2022 02:18:20
SWLKO,94,06-03-2020 08:38:14,09-13-2021 12:14:52
CBN,86,08-09-2021 10:21:14,05-23-2022 11:31:51
XXFORTG,83,12-08-2020 12:18:42,01-29-2022 09:26:04
QFHR,28,02-22-2021 16:16:46,09-05-2021 17:43:00
GNTAPWWV,15,03-23-2021 04:11:29,12-24-2022 19:17:14
XDFXGTJTX,45,11-26-2020 16:17:38,06-30-2021 22:24:43
HYDCQPJ,86,09-10-2021 05:05:07,10-14-2021 10:44:13
XLAHCL,37,03-07-2021 17:16:16,08-14-2021 17:45:44
CTLTBGR,58,08-16-2020 15:33:27,08-21-2020 15:19:27
WCX,89,05-09-2020 08:01:14,10-16-2020 17:31:07
VTNUSIEL,6,11-01-2020 12:46:30,06-08-2022 03:40:26
RKLMEBZ,32,06-08-2020 11:47:00,08-18-2021 23:14:37
TXCZU,55,05-04-2021 10:48:28,12-08-2022 12:58:13
HOP,40,05-24-2021 09:17:35,06-27-2021 23:04:05
PTFPSI,47,06-22-2020 21:16:39,12-13-2022 14:10:56
PSX,25,08-28-2020 23:41:48,11-21-2021 05:22:51
ODIW,26,01-19-2021 17:00:37,06-27-2021 11:15:43
QJVYIZBDVT,41,07-23-2021 01:22:01,12-09-2021 05:42:39
DYRG,92,01-15-2021 00:51:51,06-25-2022 06:30:18
CNPPIWEIZ,61,08-14-2020 04:17:53,08-09-2022 11:30:35
WGHKVVSH,100,06-19-2021 12:44:20,06-28-2022 16:17:53
DHKHIOEL,72,03-29-2021 21:57:08,10-17-2022 19:31:17
PZJQUWPCVC,55,08-21-2021 09:59:57,10-31-2021 13:39:13
YYK,35,01-15-2020 04:52:08,10-11-2020 05:37:19
FDNHNYULHV,85,01-14-2020 21:52:13,04-19-2020 09:30:57
ZHDTEUHXUO,2,01-18-2021 23:42:44,08-09-2021 21:46:15
CELG,84,06-04-2020 20:09:06,09-12-2022 15:16:51
DXBISF,54,11-11-2021 22:41:58,10-06-2022 19:11:19
BFXGYJC,72,01-25-2020 02:27:28,06-21-2022 12:58:35
WMYWMAW,3,06-30-2020 07:49:09,11-21-2021 03:26:01
GQHK,37,07-17-2020 17:34:29,07-12-2022 15:21:59
YFM,35,12-01-2021 08:40:39,02-25-2022 08:31:06
CTVNT,9,11-13-2020 10:19:32,02-08-2022 23:47:56
OUHRKWBD,23,05-10-2021 00:47:16,09-02-2022 10:05:06
REXAOD,46,06-16-2020 04:10:42,06-03-2022 15:46:29
YAVYUS,78,08-31-2020 05:04:47,02-12-2022 13:48:39
QWU,94,03-23-2020 21:55:45,07-27-2021 04:31:34
VMSTTUDOQ,86,05-27-2020 02:29:41,04-14-2021 13:35:26
PRJC,49,05-20-2021 07:37:03,07-08-2021 06:47:35
OCCH,46,12-24-2020 13:22:56,11-12-2021 02:07:01
PNYWIXHY,53,02-23-2021 19:32:40,06-27-2022 22:02:39
QBUHSIGV,47,04-22-2021 19:45:38,05-30-2021 09:14:32
KTYT,79,06-28-2020 00:13:42,07-23-2020 15:28:40
YMKVYVKTPO,87,01-08-2020 11:45:34,06-18-2021 04:41:43
RVM,56,03-02-2021 20:44:06,08-23-2022 06:22:30
IYBHA,3,03-04-2020 23:02:26,02-26-2022 02:13:34
KXBJVFGYDP,50,01-05-2020 08:08:17,04-09-2022 16:07:54
DWE,60,05-18-2020 10:32:08,04-21-2022 13:30:26
ANWYZN,84,08-06-2021 17:36:48,07-25-2022 09:12:53
FCGNDHIX,62,07-26-2020 15:22:33,05-16-2022 23:37:52
NYBWMT,31,04-15-2021 19:24:33,07-16-2022 05:48:44
BXY,100,09-17-2020 00:39:38,07-15-2021 20:21:45
OBKWV,14,06-28-2021 03:28:01,01-13-2022 04:32:25
LGTUOJSQZ,14,07-24-2020 04:46:12,05-11-2022 00:31:43
PTRUQNIA,59,10-12-2020 00:36:13,09-10-2021 17:56:44
QTVK,55,07-11-2020 21:33:22,04-24-2022 06:51:04
GKPLWKMK,56,05-10-2021 05:27:15,01-17-2022 22:51:18
UYMBAGH,9,01-03-2020 08:52:43,04-25-2021 06:36:20
LKXZGRZPJQ,91,08-17-2020 18:59:22,02-12-2022 15:25:16
ZVEKNHQZRP,63,09-23-2020 09:36:57,12-08-2020 11:31:58
ZHWDEMBH,38,04-29-2021 09:02:36,04-03-2022 07:35:32
UHZSXHCU,45,05-10-2021 05:40:28,05-15-2021 06:40:10
OBEXFLLY,66,09-13-2021 07:04:40,11-03-2022 22:54:48
FTJAGC,41,09-20-2020 21:38:01,12-09-2020 04:32:51
JOAAHPFNOM,87,06-22-2020 06:18:19,09-21-2021 13:17:29
MYWMZ,99,07-29-2020 07:16:37,01-17-2022 00:07:07
VLHOKK,79,04-13-2021 19:30:42,09-22-2021 20:07:09
TZPEMNLLC,12,12-15-2020 15:47:24,07-29-2021 02:14:38
ZOJTWFG,51,10-13-2020 17:42:06,04-15-2021 11:01:46
GFEUS,35,02-18-2021 16:23:53,06-14-2021 16:49:45
QDECU,29,05-23-2021 14:24:02,06-20-2022 06:02:57
LDXMKPKL,4,08-24-2021 08:50:24,01-28-2022 17:17:47
BIEDFEZVP,28,01-18-2021 04:17:32,01-11-2022 22:48:32
GUEOC,47,03-17-2020 01:50:05,03-19-2020 23:02:17
NXBCXJQZ,39,05-09-2021 13:02:37,06-09-2022 18:57:25
IDMAK,59,01-30-2020 12:23:43,08-05-2020 12:41:30
NWLFVMLF,66,11-21-2021 00:39:40,01-29-2022 05:47:18
YBCGQWDPUF,48,02-02-2020 07:14:57,07-31-2022 10:13:25
PIJQL,44,05-01-2021 21:44:00,11-02-2022 09:14:09
TRT,27,12-21-2020 03:04:02,11-09-2021 12:59:27
WYICJZAF,67,06-13-2020 12:54:38,12-04-2020 16:25:10
SJVI,21,04-02-2020 11:54:49,01-16-2022 08:28:16
ALXFKFYW,11,04-25-2021 14:18:01,06-26-2021 04:03:34
XJW,75,02-11-2021 12:58:52,06-05-2021 01:41:20
ZPDFQNW,82,01-19-2021 17:57:10,05-28-2021 19:35:37
WIMMVYDJ,3,08-06-2020 16:24:33,01-06-2021 13:07:24
WHV,40,02-29-2020 11:44:13,12-29-2022 14:26:08
BXWYOI,92,10-01-2020 12:24:22,11-04-2022 07:15:31
RSISEYKTA,33,07-09-2020 21:12:10,09-12-2020 05:21:26
RNQLOB,51,10-11-2020 21:10:22,08-30-2021 20:32:09
WJAKCL,46,04-09-2021 09:17:04,10-22-2022 08:22:17
BOKJ,58,12-22-2020 03:19:38,06-10-2021 04:08:31
OCJP,75,05-23-2020 01:43:20,09-13-2020 03:08:26
LWPKWJV,82,06-12-2020 13:46:05,10-06-2021 17:27:03
OTQCZQK,11,03-27-2020 12:03:03,02-02-2021 13:40:45
LXZQZS,55,02-26-2021 23:15:57,07-14-2021 22:07:51
VPF,76,07-04-2021 21:49:40,10-14-2021 21:22:55
WLCTVWLZH,7,08-24-2021 22:48:59,07-12-2022 02:36:29
CQQIQZZDOZ,79,08-20-2021 03:29:58,06-28-2022 17:31:42
DJIYKKP,39,08-13-2020 12:19:52,08-24-2020 15:25:35
OEEUTXHC,33,08-29-2020 14:00:17,12-22-2020 10:54:24
QZQF,81,08-31-2020 00:44:05,01-31-2022 08:17:12
BRYMLVSBSR,22,11-21-2020 22:38:10,04-18-2021 17:04:09
CBUOCRHZL,33,07-11-2020 12:27:17,08-10-2020 06:53:36
FMW,20,10-09-2021 12:26:33,04-01-2022 14:50:16
PUKEYNBT,39,11-25-2021 20:51:32,06-12-2022 02:21:36
KRQPTZ,90,02-29-2020 19:11:27,12-08-2021 13:57:41
YJZJKS,84,02-11-2021 04:00:57,01-20-2022 20:39:16
KVVOXRMFQE,14,10-08-2021 12:32:48,10-25-2021 17:54:07
WJK,30,03-06-2021 06:35:49,01-28-2022 14:28:53
AEPZTDCC,61,10-15-2020 03:49:38,10-21-2022 12:12:48
ILHXM,32,04-05-2021 10:03:55,09-28-2021 12:22:49
OUY,45,04-20-2020 17:35:38,10-26-2022 14:54:44
XVMTRXZXN,17,07-22-2021 13:41:29,03-10-2022 13:37:52
XBN,11,12-22-2020 07:44:33,03-20-2021 08:07:51
MTPFKSTJPM,25,11-01-2021 18:54:07,12-06-2022 00:41:30
JNU,11,05-01-2021 12:10:17,06-15-2021 06:38:04
WEQ,30,11-21-2021 06:46:19,11-21-2021 21:35:22
EGOII,63,01-30-2020 03:37:13,11-14-2022 13:28:49
EQCMLUSPRH,36,02-04-2021 16:42:47,02-10-2022 05:04:58
XKKYOIL,56,10-29-2020 06:36:54,01-02-2022 18:54:04
SPJKTV,28,11-24-2021 19:04:42,01-03-2022 08:15:31
DMIDCGW,4,01-12-2020 20:52:03,07-28-2022 05:02:49
UDBRBPU,49,11-12-2020 00:51:26,04-09-2022 18:52:02
KRMTXT,41,10-01-2021 22:46:18,09-17-2022 22:50:51
QFOXR,18,09-03-2021 04:58:24,04-27-2022 02:19:32
HRJWRD,47,01-17-2021 17:19:10,01-29-2021 00:19:08
HIOG,31,05-05-2020 17:25:36,10-30-2021 03:12:05
JLXMCRIC,48,05-15-2020 05:47:09,01-18-2022 08:09:28
ZQCKWGLPGM,41,03-07-2020 18:44:32,08-06-2020 08:55:37
HLBDJ,96,01-08-2021 09:08:45,04-18-2021 22:48:33
MKB,45,08-26-2021 02:29:29,09-03-2022 18:32:03
XRREHUJ,63,04-25-2021 00:26:14,09-04-2022 01:44:40
EOEMJHDP,31,01-19-2020 23:45:37,05-21-2020 22:35:48
IWPQ,8,08-16-2021 04:42:27,02-15-2022 07:30:14
KYVSCEC,73,10-08-2021 06:04:36,01-20-2022 18:45:03
TPO,77,10-21-2021 22:14:46,04-13-2022 03:04:11
ULKGTQQI,34,08-01-2021 19:45:04,05-20-2022 12:17:32
JPTRXHKS,98,11-16-2021 13:43:27,10-11-2022 15:05:54
QXMGQ,6,12-11-2020 19:28:20,12-29-2022 09:06:29
CHSESMYXVY,72,06-23-2020 10:29:04,08-30-2020 20:42:09
OUH,30,05-13-2021 12:33:24,09-06-2022 22:37:32
STXNXIMWX,76,01-04-2020 03:30:46,01-08-2021 11:12:15
XHJI,44,11-12-2020 02:33:44,08-08-2022 10:31:18
TEHU,66,09-10-2020 03:43:29,11-30-2020 01:19:10
ZPKP,22,03-24-2020 13:56:51,10-25-2021 12:39:24
OXWJZMGI,76,02-05-2021 00:05:00,01-23-2022 11:07:00
NLXEZ,27,11-15-2021 01:02:15,07-28-2022 00:16:06
EBP,34,09-14-2020 06:12:52,07-07-2022 07:41:23
MUAO,71,06-18-2021 08:05:47,02-06-2022 00:35:37
FZPCALGBN,16,05-02-2021 19:09:00,06-09-2022 20:26:59
WJPPRU,62,04-26-2021 04:59:10,11-25-2022 07:55:07
LJALMPLCU,70,09-20-2020 12:01:43,08-17-2021 13:46:25
PGRCI,68,03-26-2020 09:20:51,09-14-2020 23:13:04
GTX,79,08-24-2020 22:57:42,10-11-2020 04:44:24
FFFDPIDNPE,24,10-18-2021 19:09:39,11-19-2022 08:09:12
UFGHIFPGN,63,12-01-2021 19:39:42,05-23-2022 15:57:05
TFWXYLC,14,11-20-2020 18:47:57,09-21-2021 07:27:40
GSGHMI,95,01-16-2020 09:15:49,03-03-2022 20:36:56
BVKK,56,03-25-2020 15:32:33,06-04-2020 17:56:46
WPUFOEGAIQ,78,10-09-2020 19:46:41,10-06-2022 00:05:52
YKDNAYIZF,73,07-15-2020 18:37:38,01-03-2021 00:40:18
OHCEC,33,04-18-2020 03:17:45,09-28-2022 14:17:19
UWNG,64,06-07-2020 23:09:07,08-30-2022 02:26:56
PAFAFMS,49,10-11-2020 03:44:11,05-28-2022 11:07:50
QUDGKX,54,03-26-2020 15:53:37,12-30-2021 18:04:39
GRYSHRNZ,94,05-11-2021 02:26:01,12-10-2021 02:05:31
TVUFLXX,17,09-11-2021 08:43:30,04-20-2022 10:45:42
XCMRI,15,06-23-2021 15:03:05,06-09-2022 03:22:33
OWL,43,03-12-2020 04:30:23,08-24-2020 11:08:49
ZPPSEJO,17,11-09-2020 06:52:12,01-06-2022 01:28:28
RESS,22,06-30-2021 21:10:45,07-03-2022 06:19:54
ZMOORNJLP,50,11-06-2020 22:46:15,04-17-2022 07:47:34
LIWSMXENBP,90,10-12-2020 19:07:38,09-02-2022 23:44:01
IDKURIA,38,05-06-2020 23:52:04,06-16-2020 14:46:03
XSUIRYEYLL,17,04-04-2021 15:04:41,04-11-2022 00:19:24
ETSXQQYQWE,14,02-28-2020 23:37:39,03-17-2021 13:28:12
WUYHWJNWV,72,06-14-2021 12:41:30,02-26-2022 14:17:10
WRMUF,21,12-19-2020 21:11:07,03-05-2021 03:22:49
RBJPQ,23,03-30-2021 14:44:58,08-30-2022 19:25:55
ULBGYD,39,10-14-2020 04:13:36,05-30-2022 11:44:54
PXLYMAB,55,04-20-2020 22:34:56,07-28-2021 15:42:59
FPS,60,09-30-2021 17:57:04,05-27-2022 09:44:30
WNNVQ,40,03-24-2021 11:10:22,12-08-2022 19:59:15
WKJXGDGXVO,41,03-27-2020 14:35:53,04-03-2020 06:21:36
ZDQZNH,55,11-27-2021 10:28:34,02-28-2022 18:03:43
NKMQJ,5,02-10-2020 16:50:53,02-12-2020 11:43:31
TLCWEK,46,07-10-2021 01:07:02,11-12-2022 16:53:42
IOUAKEIUY,7,02-15-2021 17:21:58,10-02-2022 09:36:00
DZHFXASJI,22,09-02-2020 12:51:32,05-09-2021 12:03:53
UQHVVKVVK,29,07-16-2021 06:45:18,07-09-2022 00:01:16
AJYB,44,08-26-2021 17:38:13,05-05-2022 14:42:44
GDUNTBDDPJ,35,07-31-2021 20:04:56,02-06-2022 00:14:50
EDBW,11,01-31-2021 11:25:51,05-18-2022 22:10:50
AGM,55,04-11-2020 19:15:09,10-19-2022 10:47:23
DOLOWTBS,66,12-25-2020 13:21:37,11-05-2022 10:04:44
XTHPU,86,07-06-2021 12:49:23,08-21-2021 08:55:18
LQXGNUDAM,75,10-11-2020 04:42:03,11-28-2020 06:47:53
EFKYY,50,10-15-2020 16:28:07,09-01-2021 16:43:44
VKNL,61,04-21-2021 20:38:08,03-06-2022 17:37:52
SMLPTTW,32,06-30-2021 08:07:54,12-01-2021 22:12:31
IVVOVUICI,86,04-14-2021 16:40:15,09-26-2022 18:59:54
PQH,6,07-02-2021 03:25:03,11-07-2021 19:34:26
TWLGJJ,68,04-23-2021 02:08:05,08-12-2021 21:13:08
FUD,26,06-09-2021 12:51:18,08-25-2022 17:06:42
KAUCNCOZC,18,11-10-2021 01:34:59,02-23-2022 13:36:08
XIEEMUEV,35,06-10-2020 00:41:22,12-06-2020 06:49:47
MPCCLQZR,57,06-02-2020 04:08:38,06-04-2020 20:57:14
LFIZFU,4,02-18-2020 03:22:50,06-17-2020 23:46:41
ZEKQ,8,08-05-2021 13:24:59,11-20-2022 00:31:17
BMQJHIRNOI,5,11-09-2020 05:41:26,05-04-2022 19:50:27
YSV,24,07-08-2020 16:54:27,04-22-2021 19:50:14
QJRHO,24,06-27-2021 20:46:04,10-01-2021 23:17:59
HOYHHS,32,02-03-2020 17:24:26,03-03-2020 14:49:07
SVBNSEG,49,07-29-2020 00:32:46,12-12-2021 19:37:26
RSQBPKSTC,36,11-03-2021 05:21:53,08-07-2022 06:08:07
GETPT,4,09-02-2021 08:07:28,12-27-2021 22:07:21
JSTPIAW,45,03-25-2020 18:19:51,08-18-2022 19:02:39
JQKRWLMA,33,01-15-2020 01:57:24,03-21-2022 15:11:51
QBKNM,51,09-24-2020 15:46:35,05-06-2022 00:56:17
RWPMBFOE,59,11-03-2021 15:37:51,02-26-2022 08:46:21
CELGQAAASF,32,10-27-2020 20:02:00,10-21-2021 11:15:52
CFRDJTV,65,08-21-2021 11:38:20,12-06-2022 20:33:10
XUX,86,10-07-2021 13:01:30,10-18-2022 18:05:53
TULVIPJ,10,09-19-2020 08:49:00,04-13-2021 05:33:26
FLJKKBSBI,87,08-01-2020 01:10:42,05-31-2021 19:26:51
ORKQGP,62,07-03-2020 19:36:50,10-21-2020 17:02:31
QARIUAHO,60,08-29-2021 08:03:19,12-20-2022 08:58:48
FOUHTPAZ,27,01-22-2021 11:31:20,10-30-2021 23:59:08
MVJXWSZZDI,5,09-08-2021 17:56:24,06-03-2022 07:26:19
SQDHZGTCUN,68,04-08-2021 12:33:35,12-28-2021 00:22:57
RGSOS,14,10-29-2021 14:10:38,06-30-2022 05:57:24
RAWNU,73,02-13-2020 22:57:19,08-04-2020 06:48:36
YQLOIG,71,02-09-2021 10:14:48,04-11-2022 01:11:31
JKYDWZFAYB,22,02-20-2020 20:19:46,06-23-2021 04:04:28
ZGUEQIHII,60,08-25-2021 07:13:18,11-10-2021 21:05:58
QQGBFQEP,57,02-13-2021 02:48:32,05-08-2021 09:24:36
RPWIPHUFY,64,01-11-2021 01:28:56,12-20-2021 04:08:15
NMKYR,81,09-27-2020 10:34:43,04-14-2021 13:32:40
ECLCY,24,02-04-2020 17:51:21,09-27-2022 04:28:22
PEBOCLY,70,10-09-2021 14:03:25,10-11-2022 17:17:54
ERJWCGTDLL,83,10-15-2021 04:57:29,06-17-2022 18:51:34
CLABT,24,08-27-2020 10:16:12,05-14-2022 04:21:38
DIJPEGHZKI,63,12-30-2020 11:33:30,09-07-2021 22:27:41
MRQZD,96,10-23-2020 21:46:33,03-26-2022 00:36:56
RCVXEJTB,89,02-09-2021 06:58:21,09-27-2022 01:51:17
LAYQPQSZYA,47,11-09-2021 12:14:30,08-08-2022 21:35:02
ATEO,18,02-16-2020 01:41:50,06-02-2020 05:10:02
TPMXRGVM,1,12-05-2020 19:17:35,02-02-2022 15:07:20
WUUJBWJS,63,09-16-2020 22:49:42,12-15-2022 15:11:02
VFGJWQVXC,79,05-03-2020 05:19:01,11-04-2021 05:42:10
PZPGH,41,08-26-2021 18:32:13,04-15-2022 13:43:57
SJBX,56,07-27-2020 01:21:52,02-20-2022 14:08:26
AMUZKP,50,10-20-2021 19:14:34,06-16-2022 23:21:18
BOFTX,75,12-03-2021 09:20:24,10-15-2022 04:32:15
KDNHQFK,92,11-26-2021 09:44:54,10-17-2022 23:32:56
TKJK,85,11-26-2021 16:46:36,08-15-2022 16:20:31
CMZLMX,98,03-26-2020 02:58:27,10-19-2020 16:35:33
MOQOQ,73,06-14-2021 11:51:19,09-04-2022 08:48:07
IYSNTPUFB,54,12-30-2020 09:34:18,07-31-2022 08:12:21
MVFXVEZ,88,09-14-2020 16:07:21,03-12-2022 11:19:21
RDHTP,59,04-18-2020 16:54:40,05-14-2021 04:10:39
IWKW,6,03-05-2021 04:11:52,06-13-2022 22:17:32
YLGNU,76,09-29-2020 06:10:27,09-30-2020 18:43:06
SFJCCUEM,72,03-17-2020 23:59:41,09-06-2021 18:02:32
JJNTVH,56,08-08-2021 12:23:56,12-13-2022 12:46:35
ORA,38,08-02-2020 13:37:04,02-22-2022 19:52:23
VXB,6,06-02-2020 04:26:47,06-04-2020 20:53:56
ERHVK,14,03-19-2020 04:28:59,12-11-2022 22:57:45
QGJPKB,78,03-13-2020 18:11:58,01-13-2022 21:29:52
AROTFA,97,11-13-2020 13:39:21,03-18-2021 23:16:22
PCCTTYMA,5,08-07-2021 08:28:58,04-21-2022 23:33:49
DQTNCT,42,01-23-2021 05:58:29,11-22-2021 10:34:12
ZSCGERVBV,53,04-19-2021 13:52:22,08-31-2021 13:46:09
YYSGOJLQ,10,07-10-2020 07:44:04,11-26-2020 18:42:16
VWTJZ,86,04-21-2021 15:51:51,07-14-2021 08:16:04
ZHA,20,06-22-2021 04:39:39,11-05-2022 07:02:41
PYK,19,09-10-2021 23:19:14,10-11-2021 17:44:47
IZBYXB,1,06-03-2020 16:39:06,02-16-2022 16:41:30
KAYUONWLJS,10,05-30-2020 15:06:48,05-22-2022 01:00:30
QRU,16,09-30-2021 13:47:46,08-05-2022 18:34:33
UFCVJ,53,03-04-2021 14:48:13,09-28-2021 02:28:55
WVME,82,01-08-2020 03:37:02,04-28-2022 08:13:35
PUWZQYABSQ,40,11-13-2021 10:18:25,05-29-2022 09:19:29
WOBHZDCIU,64,02-12-2020 12:00:00,09-20-2022 00:30:18
TALFRDCHDH,99,08-24-2020 07:31:45,04-01-2021 11:48:02
NFURXO,88,07-17-2020 02:49:03,07-03-2021 21:59:24
KRCOTELVP,96,01-15-2020 03:47:08,04-07-2022 14:03:11
ZCLS,54,12-07-2020 23:00:02,02-12-2022 04:36:52
WVOOOPJE,1,07-23-2021 20:24:00,07-26-2021 10:07:54
LTQUZYTP,21,01-15-2020 01:53:09,09-19-2021 12:22:25
RZHVVP,60,04-08-2021 17:48:09,10-21-2022 21:47:30
LDHLSVR,85,03-17-2021 23:27:08,08-20-2021 17:42:53
GZKUCWTYQH,42,01-17-2020 18:57:55,08-25-2020 22:36:24
ATXVAGPZDV,9,02-21-2021 16:49:09,03-15-2021 20:43:09
UZI,47,02-05-2020 03:58:10,01-06-2021 08:15:16
CEPNQLVZJM,45,05-01-2021 06:19:20,06-11-2021 22:15:01
RHQ,69,10-19-2020 12:54:36,12-30-2020 15:16:14
VAJ,10,07-06-2020 08:41:08,08-03-2022 19:04:18
DXGWCI,31,11-24-2021 03:50:04,11-26-2022 09:44:41
YTLJ,56,05-18-2021 04:34:55,08-05-2022 23:29:43
NMDMZIPKSF,1,06-13-2020 19:26:31,05-28-2021 23:16:58
YEUUZL,58,05-27-2021 01:59:30,06-15-2022 18:17:33
OJK,77,10-15-2021 12:17:05,12-23-2022 12:59:09
NEPPZYB,9,08-22-2021 11:41:39,05-19-2022 16:04:49
SWXVZNO,20,08-16-2021 11:17:16,10-09-2022 15:31:41
QRQULJBPK,100,09-08-2020 07:22:08,09-27-2020 16:04:14
ATD,6,06-16-2020 19:14:21,12-28-2022 10:11:07
SCVFW,89,04-27-2020 12:31:44,02-17-2022 18:26:32
SJY,1,01-01-2020 13:55:27,02-17-2021 23:29:33
BCJUYS,26,06-22-2020 03:42:40,01-14-2022 02:53:39
VSCBVXOFMC,97,07-27-2020 00:07:16,03-24-2022 04:11:29
ZZLTTIJQQ,47,02-20-2021 04:26:31,11-04-2021 01:19:26
KLV,64,07-18-2021 13:51:57,02-18-2022 13:58:48
FEANSFB,96,03-24-2021 00:43:08,11-30-2021 12:53:16
IPNTQQ,12,04-29-2020 09:28:11,11-08-2020 16:49:58
XPTU,41,01-19-2021 21:56:34,02-08-2021 01:08:16
QJQYIA,38,07-27-2020 05:10:32,01-04-2021 23:02:48
BHSERNKJW,97,09-26-2020 03:05:34,02-16-2021 00:43:37
GYM,4,07-08-2020 09:34:29,10-29-2020 20:30:44
ZFNCQFL,49,06-11-2020 18:22:39,09-20-2022 06:53:23
WHXCMGJR,58,06-12-2020 04:33:58,03-09-2021 22:53:42
SIALWRCD,64,10-31-2021 22:08:29,03-20-2022 04:02:42
XPLAFN,75,10-27-2020 08:32:53,08-15-2021 07:17:02
FWUY,93,06-10-2020 08:00:18,10-08-2021 08:59:50
GPL,4,10-30-2020 06:32:09,12-28-2020 03:38:00
FJXTY,22,06-22-2021 01:39:18,12-23-2022 14:08:13
QEIVLHQ,73,03-01-2021 23:29:24,10-17-2022 04:12:25
VUJV,19,04-08-2021 21:46:49,06-07-2021 17:32:30
LWMPCG,51,10-31-2020 05:38:08,01-09-2022 19:54:14
PFF,3,08-09-2020 13:48:18,10-17-2020 04:18:40
YXX,72,08-16-2021 17:10:12,12-05-2021 21:54:29
ERDYKMODIL,84,09-09-2021 02:02:16,02-19-2022 01:19:54
SCKSIFWTZW,20,01-06-2020 14:42:23,12-09-2020 10:25:27
UYGSZN,83,03-12-2021 06:09:42,05-06-2022 15:41:59
VQT,54,09-07-2020 12:29:53,06-10-2021 18:13:10
IMVJ,41,05-21-2020 23:27:18,03-21-2021 03:05:59
QFOSDG,32,07-30-2021 12:22:03,03-20-2022 05:57:37
PES,66,09-18-2020 07:42:03,06-15-2022 19:39:46
XSMJKUQRWX,48,10-29-2021 01:27:17,05-12-2022 07:19:48
EXH,36,11-02-2021 22:15:16,06-19-2022 23:18:20
BEXG,9,02-17-2021 06:56:42,08-26-2021 05:35:02
GVJ,13,02-29-2020 03:24:55,10-04-2020 08:47:10
RSNYL,32,06-27-2021 16:33:01,08-19-2022 14:12:31
PST,42,07-17-2020 09:01:46,08-06-2020 05:07:24
NPZHQ,72,03-08-2020 03:42:22,08-21-2020 21:26:43
RFPIPCARPI,55,11-20-2021 17:48:10,10-12-2022 05:53:38
HFBFR,58,10-04-2020 22:06:31,01-16-2022 02:08:50
FXTWFWPNUG,53,05-28-2020 16:03:31,12-28-2020 21:58:43
AVLKP,38,09-09-2021 02:32:32,09-01-2022 06:45:41
VFRPKZBZAL,11,07-05-2020 15:56:37,09-22-2021 09:14:59
VZWELE,86,03-16-2020 22:05:39,09-03-2022 21:45:38
ITGENPSMP,25,08-27-2021 13:06:22,12-22-2021 17:03:24
HLUHO,2,04-30-2020 16:58:09,06-10-2021 02:28:53
GAMW,31,12-13-2020 13:12:40,04-27-2022 00:19:47
JFO,75,02-21-2020 13:14:47,11-16-2022 08:30:51
SEDWRQJUZB,15,10-12-2021 22:02:58,12-09-2022 19:00:12
RGTHR,99,06-04-2020 11:31:37,06-27-2021 08:59:43
WABGWAJ,74,11-12-2020 18:16:22,12-20-2020 17:37:50
XVAPL,67,06-04-2021 18:20:12,12-23-2022 01:37:11
ZOWKLESEKS,54,05-26-2020 10:52:58,11-10-2021 20:14:12
CAPDKXCIOU,33,11-09-2020 23:27:04,10-31-2021 04:26:56
RPSJTO,97,07-31-2020 06:36:43,07-13-2021 06:40:33
VRVXVVRKA,75,10-15-2021 19:58:12,01-26-2022 09:53:32
UIWZG,68,02-01-2020 06:08:22,11-04-2020 19:02:49
UFG,36,07-28-2020 07:27:11,04-23-2022 12:24:14
EBLBAQ,68,02-18-2020 21:53:52,05-25-2022 11:35:40
LCXYTDXD,73,03-24-2021 09:46:40,03-19-2022 02:51:02
OEFXCH,5,02-13-2020 16:40:17,12-05-2021 13:01:54
WYBAJKOEE,14,08-03-2020 13:56:34,04-28-2022 17:43:18
KJZMJ,56,03-02-2021 14:07:17,08-19-2021 17:20:00
JIUXUTPO,19,10-22-2020 14:16:48,07-17-2021 19:32:07
NASWBDIZ,95,02-24-2021 17:03:48,05-13-2021 01:24:07
UBYB,68,05-18-2020 11:50:35,03-29-2022 09:22:30
KGPAPI,25,10-21-2021 16:05:10,11-02-2022 16:22:21
GDVL,53,08-15-2021 19:31:03,09-02-2022 23:35:01
HBDWKQJ,45,02-28-2020 02:40:30,03-28-2020 11:44:29
JLEHIAC,37,01-06-2020 22:40:44,04-30-2020 02:41:23
TDBCQFPFD,54,07-12-2021 16:42:34,10-29-2022 11:01:15
UQK,85,01-04-2020 03:02:41,02-05-2022 04:37:00
TLXTAOJ,39,06-18-2020 22:41:07,11-04-2022 09:36:58
ZTHM,54,10-02-2021 12:21:18,01-01-2022 10:02:02
AIP,24,10-28-2020 08:26:36,08-30-2021 01:09:42
XXYMPNFCOP,72,10-12-2021 04:59:09,05-10-2022 02:24:51
UNRILDEFTD,43,10-12-2020 01:00:51,01-27-2021 01:58:35
KLJUPRBBY,56,05-06-2021 14:47:11,10-07-2022 07:30:20
VJP,36,02-25-2020 22:51:42,11-14-2022 09:03:48
MKOQIWWAHI,92,09-30-2020 21:41:08,07-26-2022 16:28:22
SDD,45,05-21-2021 05:13:02,08-26-2022 00:38:07
HFOQVJCX,94,12-12-2020 16:01:08,10-02-2021 16:37:28
DSMHXVBXVF,41,06-14-2020 16:19:33,12-03-2020 09:49:51
GECNZR,35,09-13-2020 19:09:11,10-05-2022 11:38:59
AYTO,88,03-25-2021 04:44:51,09-21-2021 10:34:58
LKEHUAUPR,52,05-22-2020 17:26:16,12-04-2021 15:19:10
FEGOWNRRE,23,12-10-2020 18:35:51,10-21-2022 02:32:24
JXIJJP,8,07-28-2021 17:07:41,03-22-2022 18:18:30
IBQGDQ,6,10-30-2021 13:28:50,07-08-2022 12:03:09
FVVW,49,03-24-2021 11:09:45,12-20-2021 05:30:52
FDBHKIC,96,05-03-2021 20:20:13,06-11-2022 04:56:34
ZAAUDHXQER,21,03-03-2021 02:55:43,10-31-2022 12:55:06
JRYDTQBUGX,99,12-25-2020 08:59:58,10-30-2022 21:55:58
FHII,73,01-27-2020 20:52:08,08-08-2020 19:58:44
WRT,64,04-22-2021 08:43:56,07-10-2021 21:02:21
KTJ,2,01-18-2021 16:44:18,12-08-2021 18:34:30
FAWKL,52,03-26-2020 02:08:17,10-05-2020 03:33:51
KFFREC,84,04-21-2021 01:35:58,12-31-2021 02:34:52
SQQECB,63,03-19-2020 12:31:52,09-05-2022 17:13:38
WJRYA,63,05-13-2021 05:34:05,02-07-2022 02:45:19
UCIOX,44,07-09-2020 00:47:22,08-27-2021 10:51:39
OWGLWPWHN,3,10-19-2021 09:44:20,11-03-2022 17:35:28
LSYFLMF,72,07-05-2020 07:49:44,03-01-2022 18:38:51
IUESSO,72,10-26-2021 15:51:58,02-08-2022 03:28:18
VVMDREEWPZ,97,11-15-2020 18:05:21,08-12-2021 14:55:20
YMGQCQRED,5,04-19-2021 04:28:53,10-19-2022 16:29:10
UAMF,50,11-21-2020 18:40:13,06-24-2021 01:56:59
OAOC,10,09-28-2021 19:02:06,10-30-2022 08:28:48
QLMOEUY,3,01-16-2021 21:46:14,08-27-2022 10:50:41
NTPWT,43,11-11-2021 17:42:02,11-07-2022 13:15:02
GFYVZ,56,06-17-2020 20:53:46,10-10-2020 14:51:44
BSOFVJK,49,07-13-2020 01:42:53,12-18-2020 20:37:51
CQRJRGMKI,12,08-16-2020 00:46:26,10-10-2020 12:01:49
JYHVJR,16,01-02-2021 07:45:31,04-10-2022 03:23:10
IHMC,14,05-11-2020 11:51:18,05-16-2022 13:37:03
ONKQEXGPI,82,09-20-2021 09:07:41,12-27-2021 16:32:08
HKUKZVGAK,50,01-21-2020 11:15:21,10-16-2021 11:33:53
NQLQDKM,86,02-21-2020 22:36:41,08-13-2021 22:16:55
PAJ,52,08-09-2021 20:30:49,10-19-2021 02:57:00
AGBB,66,11-02-2020 12:45:04,08-03-2022 06:40:27
RXLS,97,01-19-2021 03:52:03,09-14-2022 03:17:47
BJHNW,24,11-01-2020 22:35:23,11-13-2022 19:06:35
ONMV,9,05-03-2021 04:01:17,09-22-2022 18:14:17
TEHHPWPJK,25,04-30-2021 07:22:10,10-03-2021 18:22:03
NNCMDG,18,05-29-2021 08:27:10,11-10-2022 21:55:45
MHDXZVYBKL,80,02-23-2021 19:06:09,12-10-2022 12:08:54
KAHYQL,100,02-24-2021 10:05:34,08-13-2022 04:24:28
HQBUEPTPG,66,12-29-2020 18:03:15,04-07-2021 15:27:52
IEKICMX,43,02-01-2020 07:29:40,04-12-2021 16:13:17
VEDQT,60,03-21-2021 22:18:25,07-10-2022 22:21:49
DXSMPBR,49,02-04-2021 19:29:33,05-04-2022 14:00:17
RRWXRU,62,08-22-2021 09:16:13,10-22-2021 22:10:56
ULMJGHYZX,46,08-17-2021 19:51:18,08-06-2022 01:13:47
PCXSFSH,28,02-25-2020 14:21:41,08-23-2021 23:48:34
IKUQDRJUV,1,03-16-2021 20:16:10,09-15-2022 13:26:01
OEYXA,29,07-04-2021 20:20:25,06-28-2022 18:14:12
VSSCRPOD,40,08-09-2021 14:53:14,11-20-2021 04:42:25
KNR,37,06-07-2021 08:20:05,05-30-2022 04:36:41
WIGTK,74,01-27-2021 08:43:57,09-04-2022 23:26:24
IVCI,75,08-20-2020 11:19:34,04-03-2022 03:22:34
JSSG,83,04-09-2020 10:09:19,06-20-2022 03:25:37
TFSBQNO,84,03-14-2021 19:58:36,03-27-2021 20:07:51
BEJVXGGMP,17,11-28-2021 09:22:00,06-17-2022 01:09:11
MJQVAHMMPF,69,08-18-2020 04:59:01,12-20-2022 23:32:59
XSAGPIENW,63,01-30-2020 10:52:55,10-18-2022 20:01:29
YMEKJYZNQ,16,01-06-2021 10:41:40,09-15-2021 17:28:37
NSDYDRP,29,01-03-2021 09:32:58,11-20-2021 02:12:29
RMZHDBEJM,42,08-07-2020 20:17:58,12-16-2020 22:19:28
SERVNHJMY,5,03-11-2021 14:35:33,05-28-2021 13:15:37
OFQFUDBZB,62,04-23-2021 01:53:23,10-11-2021 11:57:45
XVFUW,11,04-16-2020 09:53:08,06-30-2021 16:18:55
SXLO,81,04-03-2021 03:54:39,12-11-2021 12:17:16
PIQAWU,84,05-09-2020 10:39:16,04-29-2021 05:41:38
ZBP,48,09-28-2020 16:40:13,11-21-2022 05:52:31
OHLCBGEVXH,69,12-05-2020 07:02:22,11-22-2021 20:22:43
HYDS,36,12-28-2020 01:05:07,02-04-2021 07:50:53
ACANDMOD,95,06-14-2021 19:25:58,06-21-2021 00:57:09
ZNHVX,77,01-20-2021 11:28:11,09-10-2021 03:35:44
ZGG,32,11-15-2020 00:08:18,01-13-2021 01:22:32
TKAOBF,27,04-23-2021 06:26:22,11-14-2022 16:15:15
QHMEZVWMQ,2,03-17-2020 02:21:07,03-01-2022 00:25:20
SVCABQSKYS,35,04-23-2020 13:58:54,09-29-2020 02:03:57
SUPSH,77,03-02-2020 07:52:03,05-01-2021 20:43:24
WTQTXAK,82,05-24-2020 08:56:44,12-04-2020 15:20:27
HOMDRKT,83,08-18-2021 02:13:28,03-09-2022 20:44:39
CBGKTEX,55,03-26-2020 05:30:04,08-11-2022 13:30:48
TYG,72,12-27-2020 11:41:40,04-07-2021 19:25:14
CXOKD,77,09-14-2020 04:51:25,06-07-2022 01:36:55
JSVKPIFU,19,11-03-2020 16:56:54,10-11-2021 22:59:16
KPDPYM,6,05-11-2021 01:07:38,12-21-2021 10:02:55
JLHWBA,10,02-16-2020 00:07:16,09-18-2020 00:12:07
ULWYPPB,87,08-17-2021 16:20:23,04-09-2022 09:51:20
NBRTZ,15,02-16-2020 17:16:24,08-17-2022 05:03:26
EAZUOTXA,18,05-29-2021 03:01:34,03-30-2022 11:13:40
SSPSTFU,95,02-24-2020 06:56:19,08-24-2022 14:54:08
ITP,14,12-15-2020 17:03:33,02-12-2022 12:48:58
JZHYS,44,01-19-2020 21:35:35,02-27-2022 05:14:24
JDJLPHHZHX,28,12-02-2021 16:30:26,01-27-2022 23:12:14
DEIZPCGEB,78,09-25-2020 12:34:28,12-21-2020 06:32:29
XBDTX,10,07-11-2021 06:33:02,08-19-2022 15:03:22
QAXSQOTY,27,11-11-2021 18:51:34,10-16-2022 14:24:32
RIE,83,11-27-2021 17:32:03,04-29-2022 11:34:33
HCLXO,46,02-26-2021 09:57:27,07-12-2021 03:16:44
XKP,37,07-08-2021 23:44:55,03-27-2022 11:28:38
SXYO,12,05-29-2020 14:36:19,09-12-2020 01:46:29
QNNKB,42,09-05-2021 21:20:29,12-11-2021 14:47:32
EIA,20,05-24-2020 16:16:11,08-21-2021 20:26:26
LTNFQ,42,11-16-2020 07:27:37,12-18-2021 21:53:15
NLQRU,51,06-04-2021 06:28:12,05-24-2022 23:42:09
YNNM,82,10-12-2020 18:07:59,08-26-2022 15:57:41
MXYQAJH,77,07-08-2020 21:10:19,01-05-2022 12:48:06
UNRUWH,76,03-05-2020 14:41:09,08-02-2020 16:17:45
KYDW,28,11-05-2020 20:37:32,11-26-2021 19:36:58
IEPLCFEL,6,02-24-2020 10:18:52,06-23-2020 19:59:05
WFR,16,06-01-2021 14:48:01,01-08-2022 11:40:14
JXHJ,69,02-01-2020 00:43:05,11-03-2022 00:52:32
NQKMHMKKPZ,11,07-01-2020 05:09:27,03-03-2021 11:22:32
GMPXTPINHP,39,11-01-2021 19:36:36,04-27-2022 19:18:37
JDIIH,16,09-14-2020 01:49:34,04-12-2022 21:27:20
JNIODZYPZ,46,01-22-2020 06:47:51,03-30-2021 02:17:20
KJVIPH,16,02-29-2020 20:34:36,09-15-2022 04:09:28
PCHRLFZMM,97,08-10-2021 15:53:52,12-30-2022 01:29:24
KYCKF,93,05-10-2020 11:13:30,11-16-2020 14:49:17
DYRJHLMAE,53,06-18-2021 14:47:18,11-15-2022 09:58:50
YRSMI,68,10-03-2021 05:37:59,12-14-2022 06:17:08
EMKBPIVKO,96,04-08-2021 19:11:07,04-08-2022 03:00:43
GAEUF,92,11-29-2020 11:22:48,01-13-2021 01:31:30
JRYWRKU,83,07-13-2021 22:38:53,05-21-2022 05:52:09
VFHNTD,21,07-23-2021 06:17:24,09-18-2021 14:42:42
FLJCFLPT,28,03-26-2020 12:48:46,04-28-2022 00:01:28
JJTCGR,13,12-31-2020 07:33:19,07-19-2022 19:27:34
DQKNB,24,07-19-2020 10:31:57,07-23-2022 16:58:13
BKFVPED,11,11-26-2020 21:32:01,04-08-2022 03:54:34
BLDUYQRT,79,08-19-2020 09:34:46,05-21-2021 03:45:00
IBHKI,6,09-10-2020 15:45:15,05-14-2022 23:07:45
IIDRYZDHY,44,02-06-2021 22:01:42,07-29-2022 16:21:33
HQJPK,41,06-02-2020 03:30:16,07-16-2022 00:04:16
KKKKSWA,13,01-07-2021 22:36:01,12-09-2021 05:52:09
AJYBONKN,14,08-21-2020 07:15:24,05-01-2022 15:45:21
BUE,32,06-27-2020 20:10:34,02-23-2021 10:24:20
BMUWSIPI,9,10-31-2020 23:58:43,10-04-2022 07:31:20
MDHJQH,30,11-10-2020 10:37:30,11-26-2021 03:40:09
ZCIRTV,8,08-06-2021 20:27:27,05-22-2022 18:24:09
NHAF,2,08-14-2020 07:33:11,07-10-2022 08:48:33
KTYTPFWIQH,49,11-20-2021 01:58:21,05-07-2022 16:20:44
LGY,73,04-16-2020 20:17:44,06-29-2021 20:54:39
