398,1,5,11-15-1929 07:46:44
497,1,4,07-06-1998 05:57:44
470,1,0,11-15-1927 12:08:56
212,2,1,06-24-1942 06:06:24
447,2,1,08-02-1946 22:54:06
329,2,4,02-03-1934 15:28:08
482,3,4,03-25-1912 10:23:41
211,3,4,12-25-2016 19:13:37
95,3,3,05-11-1984 21:07:10
63,4,1,08-15-2013 01:01:40
39,4,2,07-05-1956 21:07:09
50,4,3,05-21-1945 03:40:59
78,5,4,11-02-1994 19:57:49
145,5,2,10-18-1920 23:00:09
69,5,4,06-10-1904 18:07:39
498,6,5,04-05-1943 04:13:25
257,6,3,09-13-2021 08:42:08
276,6,3,03-07-1915 10:50:18
159,7,1,07-28-1922 11:06:33
10,7,2,05-03-1935 03:56:51
492,7,4,05-12-1932 22:41:38
277,8,0,09-26-1976 18:19:54
29,8,3,07-22-1917 20:23:19
362,8,4,08-17-2015 18:43:50
96,9,2,03-02-1904 04:21:31
295,9,1,08-25-1934 21:06:10
409,9,0,07-10-2000 00:25:20
276,10,3,07-18-2016 07:31:15
181,10,1,10-15-1961 20:32:09
13,10,2,07-20-1984 08:43:15
113,11,2,11-15-1933 04:34:56
101,11,0,10-16-1984 05:11:27
391,11,2,12-09-1906 05:24:08
250,12,2,11-12-2004 03:40:32
143,12,0,10-18-2006 11:30:45
46,12,3,10-14-1972 06:29:04
101,13,4,05-09-1930 08:46:09
155,13,1,05-05-2008 13:09:03
198,13,5,08-09-2000 17:47:46
135,14,4,11-23-1902 22:43:56
230,14,3,04-17-1962 09:30:04
487,14,0,04-14-1933 19:37:46
461,15,3,02-07-2015 01:13:05
407,15,1,02-20-1923 20:05:09
238,15,3,06-19-1956 07:52:17
56,16,1,03-31-1917 01:57:02
430,16,3,02-12-2021 10:25:52
151,16,1,10-10-1955 23:58:13
97,17,5,04-08-1969 07:53:34
492,17,2,10-13-1999 16:08:44
395,17,3,12-26-1964 17:00:50
135,18,0,03-26-1991 18:45:36
291,18,0,10-15-1955 21:07:00
314,18,1,04-15-1959 06:42:42
20,19,1,02-03-2021 01:56:15
181,19,2,06-01-1909 05:27:53
116,19,5,03-04-1914 18:55:42
301,20,4,07-30-1904 13:59:26
334,20,1,11-22-1919 13:50:47
381,20,2,01-17-1997 01:05:01
373,21,4,05-19-1933 23:26:36
109,21,4,08-21-2004 08:05:51
128,21,0,09-23-1963 11:08:57
142,22,2,07-28-1914 02:59:34
312,22,4,10-08-1954 01:02:44
301,22,5,10-08-1981 21:59:12
130,23,1,05-28-1922 20:39:36
92,23,5,08-02-1909 21:37:27
234,23,4,05-11-1967 09:01:40
453,24,0,10-31-1948 17:41:32
102,24,5,06-08-2004 06:23:38
305,24,5,12-09-1983 07:18:55
314,25,1,08-04-1927 12:28:11
498,25,0,02-10-1917 21:53:42
301,25,1,04-05-1989 10:13:59
217,26,0,03-26-1900 14:04:50
122,26,2,01-27-1925 06:02:57
166,26,3,05-18-2001 09:18:45
89,27,3,12-14-1921 20:29:52
385,27,0,09-09-1929 18:11:42
324,27,3,03-30-1952 19:29:30
498,28,4,05-14-1946 09:17:03
337,28,3,06-19-1959 03:46:41
2,28,1,08-09-1911 05:20:34
185,29,0,02-19-1905 07:45:37
235,29,2,05-12-1945 02:31:32
377,29,5,10-31-2016 17:17:41
145,30,1,03-31-1958 12:46:11
112,30,0,10-12-1972 13:06:05
265,30,1,02-12-2004 01:43:43
168,31,1,02-08-1994 05:09:24
461,31,5,07-23-1977 08:51:31
135,31,4,10-06-1936 22:12:43
229,32,1,08-23-2007 02:32:39
81,32,4,12-22-1979 20:03:26
192,32,5,02-14-1958 12:12:35
142,33,4,07-14-1974 08:12:38
358,33,4,02-24-2014 15:42:47
124,33,2,10-27-1944 16:06:03
299,34,2,06-17-1906 05:10:51
17,34,1,11-14-1968 19:42:14
315,34,5,12-04-1995 23:32:44
410,35,2,09-06-2016 05:18:23
274,35,5,10-26-1992 06:02:44
211,35,1,08-24-1936 18:45:50
186,36,3,08-13-2009 11:14:40
372,36,3,09-26-1971 15:27:58
132,36,3,09-12-1920 04:57:44
83,37,3,01-24-1978 13:51:04
37,37,2,08-10-1997 19:13:39
269,37,5,09-01-1960 14:27:22
352,38,0,06-06-1932 08:47:30
103,38,3,07-04-1907 23:35:54
96,38,5,06-16-1998 08:12:29
59,39,0,10-30-2013 19:53:25
487,39,4,09-10-1929 16:32:36
377,39,2,04-16-1900 20:30:51
306,40,1,02-21-2019 03:56:46
66,40,2,02-22-1949 00:31:03
460,40,2,01-05-2004 13:19:59
147,41,4,12-09-1995 17:26:09
51,41,1,06-29-2000 10:38:28
428,41,1,07-16-1917 21:17:06
180,42,4,06-30-2015 19:46:47
160,42,2,08-09-1920 22:22:58
466,42,3,10-19-1985 05:00:36
121,43,1,05-14-1950 03:38:51
177,43,3,09-30-1923 18:23:31
327,43,0,05-14-1960 08:52:10
329,44,1,07-11-1950 04:58:37
343,44,1,10-13-1968 01:34:47
451,44,4,04-05-1931 22:48:04
368,45,2,10-14-1942 22:07:15
209,45,0,10-27-2008 16:53:18
424,45,1,02-24-1918 13:06:01
330,46,2,07-16-1922 23:20:33
382,46,5,12-29-1909 01:33:47
496,46,2,02-20-1949 01:44:01
85,47,4,01-16-1930 03:57:16
173,47,4,09-21-1924 08:29:28
424,47,1,06-18-1907 18:36:05
167,48,5,04-07-1969 06:42:07
140,48,1,12-13-1927 04:48:48
271,48,0,08-27-1906 12:38:37
341,49,0,10-25-1958 05:21:22
14,49,0,04-10-1942 09:46:36
176,49,5,09-01-1920 23:51:37
315,50,1,05-01-1947 02:11:15
272,50,5,05-20-1928 00:54:30
282,50,1,01-09-2007 10:26:29
245,51,0,04-01-2001 01:33:10
82,51,5,02-04-1972 00:34:45
372,51,2,08-11-2007 09:55:09
202,52,1,01-26-1940 12:18:43
334,52,5,07-17-1927 23:30:24
324,52,5,09-28-2021 18:25:17
107,53,3,04-17-1971 13:54:57
223,53,3,11-14-1917 07:16:15
78,53,3,11-07-1904 15:57:28
70,54,0,07-03-1953 03:30:20
322,54,0,01-08-2016 07:15:12
220,54,1,09-21-2002 22:43:54
257,55,3,01-25-1962 15:18:56
103,55,3,04-05-1989 12:10:28
354,55,4,10-03-1971 07:41:05
196,56,3,09-07-1963 06:18:18
282,56,2,06-26-1926 17:56:56
118,56,4,02-24-1985 04:10:38
167,57,1,07-07-1919 01:22:29
172,57,0,10-24-1987 03:16:45
285,57,2,05-15-1926 20:03:19
129,58,2,09-10-1983 15:14:09
496,58,4,05-11-1939 14:02:19
253,58,1,06-27-1925 03:31:04
26,59,5,06-18-1912 08:18:22
280,59,3,10-28-1942 23:53:51
251,59,3,09-02-2001 13:35:42
328,60,1,02-05-1998 08:03:00
389,60,3,03-31-1929 01:44:37
85,60,3,05-04-1954 05:06:21
135,61,3,03-25-1911 04:10:44
47,61,5,06-02-1946 12:23:37
73,61,5,03-14-1946 01:07:22
456,62,3,06-05-1924 04:36:36
198,62,4,07-07-1919 20:03:33
286,62,1,12-09-1941 22:41:52
450,63,1,04-08-1988 15:16:35
386,63,1,10-29-1943 19:46:35
226,63,3,12-08-1923 00:01:16
476,64,1,08-28-1956 17:56:18
471,64,5,06-08-1902 15:33:17
197,64,2,04-08-2002 16:40:50
10,65,4,09-30-1969 05:55:31
241,65,0,09-19-2014 05:42:13
53,65,4,10-27-1969 13:15:37
81,66,4,05-25-1949 14:11:42
159,66,0,12-22-1905 14:03:12
462,66,4,05-14-1916 07:42:12
422,67,0,04-27-1992 22:38:13
459,67,3,02-13-1956 05:39:44
349,67,2,02-22-2005 06:47:27
369,68,5,08-27-1928 13:27:23
367,68,0,10-08-1979 21:17:50
313,68,3,11-10-2005 00:29:19
17,69,0,03-17-1931 08:53:13
169,69,4,05-13-2011 07:39:40
428,69,5,07-11-1902 20:16:23
153,70,2,07-08-1913 11:25:37
225,70,3,05-06-2006 18:16:10
468,70,1,08-28-1955 02:19:36
89,71,2,07-31-1957 03:00:14
194,71,2,04-25-1933 08:18:26
49,71,5,02-03-2020 15:42:04
328,72,4,04-29-1919 11:50:57
459,72,2,05-26-1911 02:22:35
136,72,0,06-06-2018 08:06:14
412,73,4,09-03-1991 02:22:46
35,73,2,01-05-1996 02:56:08
481,73,2,04-29-1971 23:32:27
211,74,2,04-06-2011 17:21:48
138,74,3,08-14-1966 09:06:53
315,74,2,04-28-2002 14:32:33
182,75,3,02-10-1980 12:08:40
79,75,3,06-02-1923 15:05:40
144,75,4,10-08-1946 04:40:54
498,76,3,01-06-1908 07:11:13
46,76,2,02-27-1994 08:48:26
102,76,2,05-17-2000 09:48:41
76,77,5,04-06-1929 18:05:11
308,77,0,08-13-1947 18:16:34
472,77,4,09-15-1933 22:20:04
455,78,2,11-07-1994 23:23:47
262,78,4,12-26-1972 00:33:46
383,78,4,07-03-1977 06:52:22
392,79,2,09-26-1924 10:46:30
87,79,0,03-11-1963 04:49:19
391,79,0,04-25-2020 17:44:05
446,80,4,01-20-1923 23:02:57
206,80,1,10-28-1934 17:09:00
150,80,3,10-31-1914 18:18:22
348,81,1,02-20-1915 15:26:53
428,81,2,03-19-1996 00:19:22
365,81,3,03-11-1968 02:59:24
433,82,4,02-14-1986 10:58:34
422,82,1,02-12-1901 10:14:35
486,82,0,08-08-1954 00:11:56
273,83,2,01-16-2003 14:15:42
401,83,1,11-13-2005 06:31:55
26,83,0,09-28-1958 11:58:30
78,84,1,06-10-1911 06:16:50
377,84,2,07-21-1949 23:32:46
414,84,5,08-22-1948 11:18:15
220,85,5,10-17-1945 00:12:29
83,85,0,12-27-1943 14:39:16
11,85,5,08-27-1981 02:25:48
411,86,2,12-07-1981 10:19:13
421,86,1,02-20-1998 06:53:18
323,86,4,09-23-1948 14:47:39
18,87,4,04-19-1956 21:11:04
232,87,3,01-28-1975 08:44:05
203,87,2,01-12-1968 07:04:40
387,88,1,07-30-1940 03:44:56
23,88,2,05-13-1994 10:48:02
345,88,1,11-15-1984 08:21:10
303,89,1,10-05-1926 10:26:40
116,89,5,07-22-1972 22:10:24
304,89,4,12-27-1978 04:02:03
405,90,0,07-08-2020 09:42:04
437,90,1,09-30-1988 06:56:22
342,90,2,03-16-1921 17:54:30
447,91,4,11-06-1998 10:09:03
317,91,1,04-05-1913 07:26:43
170,91,5,10-31-1928 10:50:52
426,92,3,04-16-1917 08:51:57
106,92,5,01-08-1945 13:07:12
102,92,5,08-10-1987 11:30:53
300,93,0,03-12-1922 12:45:52
79,93,0,06-17-1938 03:30:04
237,93,5,02-10-2000 12:08:32
203,94,3,05-21-1950 20:54:50
257,94,2,04-27-1931 13:10:38
327,94,2,12-03-2009 10:14:28
41,95,4,06-29-2008 01:18:10
144,95,3,01-26-1944 11:00:07
96,95,4,05-07-2010 06:04:31
14,96,3,10-02-1961 20:44:48
466,96,3,06-06-1933 12:55:20
199,96,1,11-29-2000 12:43:09
195,97,5,12-08-1975 06:36:23
4,97,0,05-15-1997 02:36:30
187,97,1,10-04-2004 14:59:30
220,98,2,01-28-2002 14:24:09
220,98,2,05-14-1967 04:04:44
238,98,4,02-06-1982 20:08:11
326,99,4,11-05-1958 06:12:42
237,99,0,07-26-1973 22:19:28
308,99,1,09-13-1975 12:28:22
467,100,0,02-12-1945 06:01:24
350,100,1,08-08-1957 18:45:53
497,100,3,05-11-1953 07:37:13
187,101,0,05-08-1964 14:08:03
225,101,3,05-24-1920 16:32:58
447,101,1,04-12-1998 15:12:31
400,102,2,07-28-1940 14:33:47
92,102,2,04-28-1931 14:08:49
301,102,1,02-15-1996 12:07:20
166,103,1,12-06-2004 07:33:34
58,103,0,08-17-1958 12:24:13
210,103,5,05-10-1966 17:46:55
391,104,1,02-28-1910 10:00:00
55,104,2,10-26-1990 17:42:23
340,104,4,03-28-1985 11:07:00
340,105,2,08-13-2018 12:44:44
359,105,5,11-05-2011 19:33:24
208,105,4,11-26-1916 13:12:40
97,106,1,05-18-1905 12:02:28
50,106,0,07-07-1959 13:13:49
494,106,2,10-19-2008 04:52:07
302,107,1,09-05-1905 05:36:15
364,107,5,09-08-1904 00:44:30
318,107,4,10-25-1949 09:42:45
431,108,5,05-18-1925 11:11:09
135,108,2,05-29-2018 05:17:02
283,108,2,02-10-2005 23:56:09
313,109,1,11-25-2009 06:51:45
5,109,0,02-03-1906 11:23:25
5,109,1,05-03-2006 22:05:05
26,110,0,12-08-2000 02:53:04
181,110,1,04-06-1960 20:40:38
306,110,3,11-05-1952 09:25:58
226,111,5,10-20-1929 18:00:35
433,111,4,03-11-1932 21:14:32
158,111,4,03-12-1929 06:11:28
331,112,5,01-06-1930 22:58:51
102,112,0,10-12-1950 08:57:08
363,112,2,10-20-1987 18:04:57
67,113,0,06-19-1937 08:31:30
94,113,4,04-23-1923 20:35:32
432,113,1,09-16-2017 16:05:19
142,114,1,03-17-1955 06:36:00
167,114,4,01-13-1967 03:36:59
200,114,1,03-11-1993 16:29:34
23,115,2,08-23-1914 03:02:58
479,115,0,12-30-2018 04:16:32
97,115,2,07-11-1903 19:24:41
29,116,3,10-08-1947 08:52:28
353,116,0,05-13-1982 22:56:55
491,116,1,10-20-1940 01:26:30
497,117,1,04-19-1968 16:56:11
225,117,4,10-07-1951 15:21:45
332,117,4,03-01-1953 12:07:54
449,118,5,10-19-1915 14:20:20
323,118,0,11-01-2018 21:08:41
187,118,4,08-12-1985 23:04:55
125,119,0,04-19-1950 11:33:07
153,119,1,03-16-1952 15:31:41
141,119,2,12-15-1906 18:55:30
171,120,5,06-28-1946 17:56:39
1,120,3,01-29-1929 03:55:12
126,120,3,08-27-1903 06:50:38
200,121,1,05-22-1900 22:50:58
294,121,2,09-04-1960 13:46:24
489,121,0,05-04-1915 02:41:40
198,122,0,03-29-1960 01:29:17
247,122,0,09-11-1933 15:45:08
382,122,0,12-29-1922 21:12:14
374,123,4,08-04-2007 01:35:58
258,123,3,12-29-1906 01:50:32
15,123,5,11-23-1943 00:49:08
8,124,2,03-11-1989 21:11:54
202,124,1,12-25-1955 16:28:16
251,124,4,03-06-1988 17:37:36
29,125,2,07-05-2001 20:18:41
188,125,1,09-10-1948 07:05:53
356,125,0,03-08-1915 23:45:31
94,126,4,11-15-1926 15:49:58
478,126,1,09-02-1921 22:10:40
128,126,5,09-05-1925 14:46:59
16,127,3,06-10-1962 08:44:26
94,127,5,10-22-1953 20:06:54
202,127,3,10-17-1919 02:07:39
376,128,1,04-15-1933 21:24:17
187,128,1,03-19-2007 04:48:38
15,128,4,06-17-2017 06:44:31
160,129,1,03-31-1900 18:01:29
67,129,1,12-09-1921 11:05:45
427,129,3,05-17-1980 22:13:27
229,130,0,05-31-2013 12:43:36
94,130,0,07-02-1984 23:05:52
130,130,5,02-02-1970 11:27:03
465,131,4,05-08-1952 10:27:54
83,131,4,10-12-2016 16:43:41
453,131,1,09-28-1981 11:36:20
146,132,4,03-04-1945 16:28:05
340,132,0,06-25-1918 19:36:43
110,132,4,05-19-1981 15:03:16
237,133,5,09-02-1965 22:32:38
258,133,3,05-31-2013 18:11:02
426,133,0,10-29-1960 01:19:48
359,134,4,04-26-1967 22:23:36
385,134,2,02-03-1979 23:27:26
220,134,3,03-04-1981 04:45:52
204,135,4,08-04-1994 08:18:25
460,135,4,04-03-1930 01:04:41
340,135,3,04-11-1958 22:11:50
327,136,1,10-26-2006 05:40:11
392,136,0,01-04-1925 06:21:20
79,136,4,11-18-1916 21:42:07
148,137,1,04-01-1933 12:10:18
481,137,2,11-17-1997 03:43:51
119,137,5,05-20-1934 07:14:50
399,138,2,03-16-1955 16:41:52
224,138,4,01-03-1991 06:14:45
331,138,1,09-01-1993 03:08:37
270,139,0,06-01-1940 14:17:09
168,139,3,09-06-1914 16:20:14
155,139,4,10-16-1901 02:02:12
140,140,0,06-12-1992 22:20:11
82,140,0,12-10-1952 08:13:00
54,140,3,07-31-1984 16:18:09
356,141,4,07-06-1957 11:51:43
91,141,0,11-22-1975 22:37:33
233,141,3,10-27-1957 06:02:55
448,142,5,10-22-1948 10:28:48
243,142,4,06-19-1966 06:21:06
430,142,1,06-09-1986 14:57:12
448,143,1,10-09-1923 17:52:15
495,143,3,12-06-2000 23:14:09
202,143,1,06-21-1900 20:35:29
209,144,1,06-24-1949 03:35:34
482,144,3,05-01-1982 03:47:31
450,144,3,03-04-1933 06:35:52
198,145,4,02-20-1949 03:38:34
29,145,1,07-01-1961 00:42:24
248,145,0,11-22-1914 22:04:30
254,146,3,09-25-1989 20:00:19
403,146,4,01-11-1940 19:15:33
237,146,0,10-17-2002 01:11:58
409,147,0,09-17-1950 20:59:42
12,147,2,10-08-1973 21:59:10
290,147,1,04-02-1931 21:51:05
230,148,0,03-15-1938 10:10:44
450,148,1,10-18-1959 15:05:10
468,148,4,01-18-1914 17:17:40
24,149,0,02-06-1904 03:31:51
90,149,2,07-10-1954 19:20:03
426,149,3,08-07-1929 02:55:07
264,150,5,05-28-1993 08:00:08
367,150,3,09-17-1936 02:08:32
4,150,1,01-27-1903 04:19:45
438,151,2,08-23-2015 12:31:39
226,151,0,04-23-1947 10:26:54
139,151,1,06-04-2000 10:51:44
438,152,4,08-07-1999 11:45:55
159,152,2,01-10-2007 19:45:56
286,152,5,10-31-1990 10:10:14
417,153,3,07-17-1998 05:21:57
102,153,5,11-03-1908 11:33:30
259,153,0,02-26-2009 00:28:42
330,154,0,10-03-1942 08:17:59
114,154,2,02-25-1962 10:51:00
9,154,3,05-15-1952 02:15:08
355,155,3,04-18-1906 15:09:14
486,155,5,09-06-1960 12:22:34
9,155,2,01-14-1908 19:28:34
431,156,3,07-17-1940 09:40:58
99,156,4,05-23-1944 08:01:31
377,156,2,07-18-1931 18:27:41
29,157,0,09-22-1941 09:46:49
76,157,4,12-27-1974 13:40:28
297,157,0,11-23-1909 15:33:42
380,158,1,07-26-1927 14:26:26
57,158,5,05-02-1938 09:18:25
473,158,4,01-12-1935 08:35:22
331,159,4,08-25-1960 18:56:28
175,159,3,04-27-1903 19:10:06
293,159,3,06-18-1973 18:12:35
415,160,4,11-25-1966 00:41:55
444,160,1,04-29-1959 03:40:13
221,160,3,06-10-1945 03:11:13
289,161,0,12-21-2016 21:10:07
19,161,3,12-18-1962 10:25:34
377,161,5,04-03-1901 17:01:05
277,162,2,10-05-1946 21:31:48
110,162,2,05-19-1967 18:42:02
415,162,2,03-31-1936 02:47:14
459,163,4,02-20-1993 01:36:20
312,163,3,10-24-1972 14:55:44
195,163,2,05-17-2004 19:03:32
294,164,4,01-20-1925 15:55:57
95,164,3,10-15-1910 17:17:24
270,164,3,06-24-1950 13:32:25
275,165,4,03-13-1917 08:17:26
416,165,4,05-25-1962 23:04:29
299,165,2,11-29-1944 08:19:29
71,166,4,02-16-1929 18:29:45
449,166,0,02-10-2020 22:20:26
186,166,1,08-30-2021 03:42:46
121,167,1,05-17-1923 13:04:58
337,167,4,11-03-1953 14:20:31
315,167,5,12-27-1945 11:46:58
488,168,4,04-08-1986 23:01:22
105,168,1,09-19-1907 15:43:49
496,168,4,05-12-2002 14:02:03
13,169,2,09-28-1970 20:41:37
143,169,0,11-17-2015 06:58:34
252,169,2,04-04-1997 15:21:52
155,170,1,05-17-1960 03:12:33
75,170,5,08-27-1903 10:35:49
482,170,3,04-12-1910 22:44:47
316,171,4,11-09-1970 19:22:29
336,171,4,10-11-1927 20:07:28
273,171,4,03-27-1928 08:58:09
369,172,4,02-07-1939 23:36:53
358,172,5,03-26-1966 09:02:54
273,172,0,04-24-1958 22:25:25
337,173,5,06-13-1966 00:57:05
440,173,1,12-01-1923 02:36:54
477,173,1,05-26-1911 20:26:06
449,174,1,02-28-1923 13:16:33
141,174,3,12-20-2018 08:36:36
42,174,2,08-21-1953 14:57:39
233,175,5,10-12-2017 23:52:44
330,175,3,12-10-1990 10:57:07
481,175,2,12-04-1966 00:15:11
73,176,3,04-22-2018 22:56:02
150,176,3,10-20-2014 01:17:55
193,176,0,06-25-1912 18:01:13
428,177,4,01-27-1906 18:30:10
315,177,3,06-23-2004 04:14:18
246,177,0,07-08-1950 19:17:44
118,178,5,11-22-1940 21:01:30
30,178,3,07-30-1943 13:16:21
132,178,2,08-26-2017 12:13:15
103,179,5,05-28-1951 20:20:51
83,179,2,07-28-1909 15:49:10
479,179,3,04-23-1916 04:19:25
491,180,4,11-10-1918 17:46:47
65,180,3,12-15-1932 08:06:09
380,180,3,05-29-1966 20:22:42
264,181,3,06-15-1902 12:21:59
145,181,3,05-19-1952 21:57:14
337,181,1,04-07-2011 17:14:01
289,182,1,10-31-1981 06:44:20
133,182,1,05-24-1966 16:55:06
463,182,4,03-16-1968 00:22:12
333,183,0,09-10-2017 22:06:06
263,183,2,03-26-1981 14:18:22
373,183,5,06-15-1964 05:30:16
141,184,3,02-08-1960 03:05:21
75,184,4,12-28-1916 03:47:48
271,184,2,01-08-1972 13:48:37
469,185,5,06-09-1954 00:13:07
161,185,2,04-17-1943 21:10:48
464,185,3,10-24-2001 18:01:49
441,186,4,05-08-1910 06:00:43
453,186,4,12-16-2001 09:57:59
99,186,0,12-24-1972 06:27:28
219,187,2,08-27-1924 21:05:12
319,187,2,03-23-1995 16:41:33
54,187,5,01-30-1930 02:11:17
430,188,5,09-02-1949 10:48:47
446,188,0,08-01-1983 20:51:07
316,188,4,12-23-1950 19:17:21
164,189,2,05-07-2004 03:40:46
212,189,2,11-01-1986 12:01:10
356,189,3,01-03-2005 03:30:19
418,190,0,10-20-1928 04:34:41
433,190,3,12-03-1952 19:23:40
361,190,0,05-21-1920 19:37:40
398,191,1,06-28-2007 23:59:26
77,191,1,04-24-1931 00:28:49
74,191,3,11-28-1970 14:37:33
391,192,1,05-02-1939 00:15:04
276,192,4,03-25-1956 13:00:44
299,192,2,08-02-1918 17:16:57
378,193,2,09-25-1944 15:38:08
431,193,0,02-13-2007 14:02:37
81,193,0,08-07-1940 23:12:34
8,194,2,10-16-2000 15:54:07
185,194,4,11-30-2007 12:55:01
343,194,0,11-25-2018 07:53:21
102,195,2,02-15-1938 10:24:51
315,195,3,09-22-1920 12:13:30
156,195,3,03-28-1938 18:24:27
403,196,0,09-24-1936 00:59:47
176,196,2,02-25-2005 03:14:50
443,196,5,08-14-1988 04:07:06
175,197,0,05-07-2014 05:02:06
180,197,1,08-29-1948 20:29:50
476,197,4,01-05-1966 00:31:35
109,198,2,06-05-1911 04:31:21
63,198,4,12-31-1997 04:02:22
206,198,2,06-15-1988 23:54:10
190,199,3,03-20-1969 22:45:24
467,199,1,05-03-1910 16:26:29
135,199,5,05-05-1913 03:09:09
70,200,1,06-16-1958 01:49:59
474,200,2,01-07-2011 20:50:53
55,200,4,09-08-1919 11:54:29
489,201,3,11-08-1934 05:57:33
358,201,4,11-22-1911 23:47:40
490,201,4,02-20-2019 18:54:48
394,202,2,03-20-1981 01:18:00
182,202,4,10-07-2009 10:57:12
136,202,1,01-24-1938 06:29:54
373,203,1,05-14-1993 11:04:10
348,203,5,09-10-1947 22:00:15
211,203,0,08-21-1997 15:44:33
2,204,5,02-11-1912 10:13:51
66,204,5,07-07-1939 22:48:49
351,204,5,05-13-1940 08:48:55
120,205,3,04-09-1992 17:29:49
85,205,3,05-18-1962 02:00:16
435,205,3,03-28-1964 22:14:03
471,206,3,10-06-1988 09:30:17
100,206,4,12-26-1909 19:31:10
299,206,4,05-08-1922 09:23:40
236,207,0,04-21-1935 16:50:43
109,207,3,07-08-1939 01:34:48
208,207,1,03-08-1956 23:21:37
62,208,2,01-28-1902 05:39:50
211,208,0,02-14-1917 22:31:05
233,208,1,09-06-1959 18:10:52
372,209,2,10-09-2003 02:55:41
7,209,2,06-10-1971 18:39:05
6,209,3,10-11-2012 02:33:20
267,210,0,08-04-1929 00:11:18
352,210,3,01-10-1997 22:14:23
428,210,5,06-01-1928 06:55:03
444,211,4,09-06-1994 11:27:37
49,211,4,11-21-1908 05:34:05
301,211,3,09-24-2006 07:57:01
310,212,0,06-18-1913 09:53:05
379,212,4,08-23-1995 06:45:39
24,212,0,07-27-1926 18:56:17
214,213,0,09-23-1916 22:02:05
214,213,5,08-08-2019 14:06:56
242,213,5,08-16-2004 19:36:06
441,214,0,04-14-1930 16:15:07
278,214,1,05-17-1966 03:03:18
354,214,4,06-16-1974 16:49:25
354,215,3,08-31-2011 05:26:18
288,215,3,01-28-1945 11:59:50
286,215,1,03-05-1926 06:48:40
134,216,4,06-21-1951 04:12:58
144,216,1,06-08-1987 23:44:54
160,216,3,09-27-1926 09:51:38
92,217,4,08-31-1950 22:27:48
74,217,4,09-29-1922 08:42:48
377,217,2,03-14-1954 21:58:00
484,218,5,03-09-2020 19:17:12
106,218,2,12-28-1976 03:05:44
486,218,3,02-08-1993 20:08:18
397,219,0,06-17-2015 09:49:29
129,219,2,12-07-1999 04:00:33
42,219,3,08-19-1929 06:37:08
184,220,5,02-03-1980 18:43:01
352,220,3,02-06-1993 02:47:36
447,220,5,10-31-1977 15:36:58
102,221,4,06-01-1978 10:17:35
83,221,3,06-30-2021 17:54:42
104,221,4,12-15-1953 04:51:17
429,222,3,09-18-1937 23:23:25
167,222,4,09-03-2011 21:24:24
359,222,3,02-08-1971 23:06:03
402,223,5,02-24-2007 18:50:21
406,223,4,10-22-1997 17:16:56
76,223,4,02-01-1941 15:35:05
110,224,3,11-06-1957 14:51:44
202,224,4,07-12-2012 17:56:58
109,224,4,07-28-1931 07:50:19
166,225,0,03-22-1990 09:58:35
3,225,0,05-22-1977 13:53:31
172,225,1,05-27-2013 14:07:46
162,226,4,05-08-1989 07:27:18
388,226,5,10-23-1978 19:40:59
14,226,4,10-02-1962 08:47:47
231,227,5,04-30-1906 18:02:32
180,227,5,12-22-2012 08:43:00
349,227,2,11-05-1993 15:40:57
81,228,5,07-07-1944 04:37:20
358,228,1,12-17-1908 02:35:50
91,228,1,12-21-1905 23:33:57
69,229,3,06-17-1948 05:39:44
303,229,2,11-02-1923 06:09:13
26,229,2,12-18-1904 02:00:03
66,230,4,07-26-1939 00:07:08
400,230,0,07-19-1982 19:45:14
236,230,3,05-16-1906 04:58:55
103,231,5,02-19-2014 17:15:25
39,231,5,03-18-1964 21:09:13
202,231,0,11-03-2019 03:14:49
388,232,2,04-07-1950 13:05:07
215,232,4,12-15-1993 07:59:03
402,232,5,03-06-1966 10:33:06
446,233,0,12-02-1907 10:06:29
271,233,0,05-24-1963 22:11:12
176,233,3,07-01-2004 11:47:16
122,234,3,01-12-2021 08:32:52
15,234,1,01-19-2021 16:03:04
47,234,3,03-25-1932 02:18:58
83,235,3,06-26-1903 15:53:09
333,235,3,06-03-1995 15:14:14
474,235,4,01-09-1979 01:54:15
246,236,1,05-01-1938 23:04:19
372,236,2,12-29-1992 00:22:01
59,236,3,12-27-2007 15:08:02
357,237,3,11-25-1916 10:16:41
135,237,2,08-29-2014 16:31:22
60,237,4,09-24-1962 06:11:48
453,238,0,03-17-1988 02:07:11
8,238,1,03-03-2008 23:40:55
311,238,1,11-10-2016 09:23:59
136,239,3,11-19-1928 02:26:10
323,239,4,03-05-1989 08:26:54
476,239,2,04-12-1911 04:14:42
444,240,4,06-20-2001 03:13:12
336,240,1,07-12-1940 12:44:53
170,240,1,02-17-1928 23:15:15
285,241,0,04-10-1973 15:00:29
33,241,0,08-07-1906 23:55:47
2,241,2,11-24-1961 11:20:52
1,242,3,12-23-1931 11:26:23
38,242,3,12-20-1980 19:00:50
169,242,3,12-27-1901 04:04:31
333,243,1,04-16-1911 17:53:57
66,243,5,09-27-2017 08:55:33
295,243,1,12-02-1941 23:23:29
35,244,0,10-29-1905 07:47:39
246,244,1,08-03-1950 17:13:12
483,244,0,07-21-1983 18:55:42
26,245,2,09-30-1953 23:49:34
336,245,0,07-07-1997 22:44:00
20,245,2,11-27-1965 16:05:06
382,246,3,05-24-1917 04:45:40
309,246,3,08-03-1992 21:54:16
287,246,5,07-23-1943 19:43:35
351,247,3,05-26-1926 16:11:51
1,247,3,07-12-1961 10:33:46
221,247,2,10-15-1951 15:27:56
120,248,0,07-10-1945 16:44:29
342,248,1,11-20-1902 15:07:43
18,248,3,04-22-1976 02:19:36
63,249,1,01-19-2012 09:24:06
330,249,1,10-24-1949 13:39:46
413,249,5,11-14-2016 13:13:38
448,250,4,03-28-1912 19:42:15
454,250,3,07-27-1911 17:05:11
432,250,0,01-04-2008 04:22:51
273,251,3,02-24-1957 13:58:50
249,251,2,08-26-2011 15:44:28
186,251,2,11-02-2000 14:26:30
459,252,3,03-18-1947 13:58:27
254,252,0,01-20-1937 11:55:50
277,252,0,08-20-1976 12:36:36
176,253,5,06-14-2007 06:36:42
343,253,4,08-09-2020 08:00:53
175,253,1,06-02-2017 17:41:22
255,254,5,05-11-1977 02:23:00
155,254,2,09-06-1989 10:07:59
9,254,5,02-06-2004 15:23:30
391,255,3,08-27-2021 16:13:57
48,255,5,06-17-1991 17:39:17
214,255,3,09-01-2017 12:29:39
425,256,0,12-10-1994 07:48:03
441,256,0,08-18-1987 01:57:08
357,256,3,01-26-1981 19:37:52
495,257,3,02-19-1964 18:11:46
286,257,3,08-03-1952 19:02:17
78,257,4,01-05-1937 14:36:42
295,258,0,01-08-1918 07:30:39
367,258,5,06-26-1901 02:27:11
73,258,2,09-07-1949 14:36:32
103,259,5,10-02-1905 01:57:33
291,259,4,07-17-1937 13:53:59
182,259,1,03-22-1928 03:58:44
464,260,3,07-09-1961 12:29:51
12,260,3,07-30-1982 22:05:34
141,260,2,05-16-1979 17:33:28
450,261,1,01-14-1916 21:59:40
64,261,1,08-02-2011 20:53:10
111,261,2,07-22-1912 16:36:45
261,262,0,02-28-1919 04:53:54
68,262,0,04-19-1941 22:42:44
482,262,5,08-13-1977 11:51:53
273,263,5,10-30-1905 09:57:21
174,263,3,11-29-1971 23:55:00
418,263,0,11-22-1976 06:10:43
81,264,1,04-27-1940 20:52:03
7,264,0,04-17-1906 00:46:05
86,264,2,02-16-2005 16:51:12
66,265,2,01-23-1945 23:15:29
80,265,1,07-02-1930 03:13:12
327,265,2,06-13-1967 07:41:17
345,266,4,11-03-1943 14:58:24
258,266,3,02-18-1930 05:30:58
2,266,2,02-08-1912 04:11:05
467,267,0,08-30-2012 12:34:53
133,267,4,10-21-1944 21:22:36
483,267,5,12-28-1993 18:11:27
381,268,4,01-27-1996 04:49:00
396,268,5,04-18-1925 06:04:00
169,268,4,05-09-1907 09:34:34
216,269,0,04-13-1961 20:16:33
264,269,0,02-05-2010 14:36:12
338,269,0,05-26-1924 09:53:49
383,270,3,09-21-1990 10:18:15
317,270,4,06-06-1960 08:33:02
415,270,1,01-16-1990 08:48:09
423,271,5,03-27-2013 15:06:50
476,271,1,01-10-1950 17:51:57
315,271,2,06-13-1951 14:31:56
413,272,5,08-24-2017 04:26:34
269,272,1,12-06-1996 22:24:12
362,272,2,10-21-1947 23:05:36
112,273,1,08-02-1913 05:56:00
374,273,3,10-07-1955 04:09:59
462,273,3,09-01-1958 00:38:25
98,274,5,09-06-1965 19:33:42
366,274,0,11-04-1977 06:49:04
197,274,3,07-03-1986 10:28:02
382,275,4,07-23-1998 10:34:07
118,275,3,06-10-1985 22:09:25
481,275,1,05-15-1993 23:31:47
44,276,5,05-20-1901 10:47:51
217,276,1,07-04-1986 22:55:10
146,276,0,03-25-1994 01:04:05
187,277,3,06-03-1958 04:26:12
128,277,1,09-08-1941 07:23:25
386,277,1,11-09-2001 08:53:10
458,278,2,06-29-1917 02:45:32
174,278,4,12-16-1925 16:58:09
263,278,2,07-07-1942 05:12:44
245,279,0,08-27-1900 02:11:25
253,279,3,09-14-2019 15:01:26
462,279,3,08-30-1947 07:54:23
485,280,5,06-20-2000 03:25:02
431,280,2,05-20-1905 00:06:55
182,280,2,01-25-1987 09:44:38
27,281,4,11-13-1974 03:17:37
493,281,4,07-23-2013 08:59:08
147,281,4,04-24-2016 16:25:58
44,282,2,12-05-1919 01:55:36
143,282,5,10-11-1944 06:59:47
475,282,0,05-27-1975 08:15:45
214,283,2,01-04-1924 10:22:56
221,283,0,07-22-1929 23:52:08
254,283,4,03-13-1990 21:06:55
37,284,5,09-14-1950 10:49:22
329,284,3,05-03-1903 02:21:04
486,284,1,05-08-1971 18:52:37
460,285,4,09-03-1946 04:00:00
5,285,4,10-18-2008 09:22:55
262,285,4,10-09-1939 19:36:32
338,286,2,07-06-1987 20:45:47
140,286,0,02-06-1945 14:16:19
194,286,4,10-05-2018 13:28:32
497,287,4,03-31-1961 02:24:16
452,287,1,03-26-2009 00:51:25
489,287,2,08-15-2018 16:34:11
347,288,0,06-05-1937 16:25:28
27,288,1,06-17-1994 16:45:41
15,288,5,08-24-1901 23:02:52
50,289,4,03-03-2000 00:39:48
346,289,1,06-10-1993 17:53:25
52,289,0,03-21-1954 04:39:55
205,290,4,02-04-1997 01:16:54
324,290,3,08-21-2010 18:59:30
148,290,0,12-15-1982 16:55:12
417,291,4,09-30-1956 10:01:13
382,291,4,05-18-1927 09:37:35
48,291,4,04-22-1990 06:22:34
2,292,2,06-19-1955 06:05:06
181,292,2,06-29-2020 16:25:08
119,292,0,10-12-2001 10:31:03
276,293,1,02-14-2008 09:43:05
127,293,0,04-29-1933 19:07:19
35,293,5,10-10-1931 05:41:16
76,294,3,01-12-1904 10:37:56
269,294,4,02-07-1908 08:41:52
92,294,2,10-21-1909 15:38:03
202,295,3,05-01-2008 18:16:50
169,295,3,04-19-1916 22:12:19
376,295,4,05-16-1961 12:45:48
421,296,3,11-17-1907 08:18:50
78,296,1,08-18-2017 04:42:05
398,296,3,03-11-2014 18:46:04
350,297,1,05-26-1934 21:49:23
370,297,3,05-17-1901 23:39:38
171,297,2,06-23-1982 18:35:52
168,298,4,06-15-1940 05:11:27
456,298,4,03-03-2019 18:15:41
234,298,3,08-16-2020 12:36:00
442,299,0,02-17-1930 15:16:26
138,299,5,10-13-1931 18:05:59
66,299,1,02-14-1975 20:03:19
493,300,1,03-04-1907 21:37:57
144,300,0,05-20-1993 08:14:05
54,300,1,09-10-1952 09:00:42
485,301,2,07-01-2000 15:26:38
153,301,1,03-03-1929 17:47:25
484,301,1,05-28-1958 18:55:21
28,302,4,09-05-1915 07:00:40
46,302,0,06-18-1901 01:18:16
62,302,2,06-19-1918 17:22:09
57,303,3,04-28-1992 00:13:30
330,303,3,10-27-1940 08:42:20
449,303,2,04-18-1922 16:21:19
138,304,3,12-11-1992 18:19:36
403,304,0,10-29-2009 18:16:38
497,304,5,03-27-1932 07:05:54
189,305,3,03-20-2000 21:40:07
213,305,2,07-04-1908 05:04:46
351,305,4,07-26-1925 08:00:55
80,306,1,09-27-1944 03:30:53
189,306,5,01-11-1949 22:38:28
111,306,2,07-27-1984 20:29:02
294,307,0,07-24-1939 06:11:32
31,307,1,10-23-1938 03:19:01
449,307,5,05-31-1901 18:40:28
401,308,0,04-02-1955 09:17:28
260,308,4,11-09-2005 14:49:32
301,308,0,04-09-1944 17:33:55
351,309,2,08-10-1922 07:29:21
134,309,4,04-26-2007 05:49:53
458,309,2,05-13-1948 00:57:11
389,310,3,03-19-1910 21:52:56
155,310,2,07-16-1976 04:51:12
339,310,3,06-17-1983 23:46:12
220,311,2,10-25-2017 05:41:45
437,311,4,04-21-1982 02:14:13
489,311,2,10-07-1949 01:46:07
214,312,0,12-14-1939 00:51:33
6,312,4,06-05-1980 05:57:10
457,312,4,11-02-1918 21:04:55
427,313,3,04-01-1929 05:14:57
375,313,0,07-15-1959 03:17:53
140,313,2,09-10-1984 21:20:56
174,314,2,03-01-1917 19:12:16
376,314,0,03-21-2021 01:54:16
382,314,5,09-19-2007 17:35:00
25,315,0,03-28-1902 06:51:38
156,315,1,09-13-2012 17:47:26
312,315,5,01-11-1989 16:08:50
102,316,0,12-04-1938 13:15:34
355,316,5,10-27-1936 00:15:15
130,316,4,02-23-2005 19:11:11
312,317,5,10-09-1973 20:05:28
351,317,2,09-05-2006 17:16:07
164,317,0,07-07-1951 00:14:24
343,318,3,06-21-2011 01:37:21
455,318,1,04-25-2020 11:46:53
382,318,4,01-18-1966 01:20:51
476,319,5,04-02-2005 11:25:21
387,319,3,05-29-1956 01:22:19
15,319,5,09-04-1924 18:00:32
442,320,1,03-31-1968 01:00:00
409,320,5,09-06-2016 08:46:45
434,320,5,11-21-1924 17:02:57
374,321,0,11-14-1989 17:45:47
371,321,5,07-31-1926 17:44:41
457,321,1,01-26-1920 14:19:31
153,322,0,12-28-1932 22:41:24
82,322,0,12-17-1915 08:42:22
413,322,0,11-29-1972 22:30:45
9,323,5,12-22-1959 07:54:33
374,323,3,07-09-2011 12:04:39
360,323,5,11-25-1971 20:00:50
19,324,2,12-06-2008 20:30:44
443,324,5,11-22-1992 22:42:26
343,324,2,10-05-1902 18:22:54
298,325,5,06-21-1973 18:42:51
46,325,4,02-22-1935 01:45:02
139,325,4,11-08-1935 05:11:52
459,326,3,08-08-2014 08:15:29
286,326,1,06-24-1952 00:15:40
263,326,4,11-20-1911 22:42:53
387,327,4,11-19-1963 07:00:27
27,327,4,04-25-1996 22:31:35
90,327,0,08-15-1942 04:43:04
243,328,1,11-01-1940 14:49:31
84,328,3,12-24-1939 08:46:15
419,328,4,06-06-1921 16:22:24
208,329,5,01-18-1910 20:38:10
265,329,0,03-11-1939 17:56:59
225,329,3,06-23-1929 17:05:28
355,330,2,03-28-1978 06:21:31
473,330,1,03-10-1921 18:52:23
432,330,0,07-16-1964 05:33:22
315,331,0,07-19-1945 03:47:59
323,331,4,07-07-1978 19:07:01
19,331,1,10-03-2020 16:04:43
467,332,3,04-02-1992 18:38:29
131,332,1,05-30-1993 03:01:38
318,332,5,12-02-1953 05:37:09
412,333,2,11-22-1954 21:49:25
417,333,0,12-11-2012 20:48:14
61,333,2,06-27-1979 19:58:24
297,334,5,02-26-2019 05:19:05
396,334,3,01-02-2008 18:34:45
323,334,3,01-13-1930 00:19:28
412,335,1,08-26-1987 00:57:28
157,335,0,08-05-1931 09:15:22
307,335,4,09-25-2016 00:20:02
155,336,5,07-20-1969 19:15:14
95,336,1,12-12-2003 07:49:48
188,336,2,07-30-1992 21:25:50
383,337,2,01-09-1911 14:26:00
350,337,0,01-02-2015 04:51:22
238,337,5,03-28-1978 03:49:41
345,338,5,10-22-1967 18:20:12
83,338,3,08-14-2019 09:09:18
215,338,0,10-20-1926 00:31:05
41,339,3,09-23-2014 22:09:23
188,339,2,05-16-1932 17:34:53
106,339,2,02-02-1978 11:34:43
75,340,3,06-21-2011 01:25:50
225,340,3,06-06-1905 13:41:18
261,340,4,01-24-1963 07:19:37
354,341,3,04-04-1960 20:09:24
475,341,4,02-11-2013 05:07:42
413,341,2,06-27-1923 04:40:17
233,342,2,01-29-1956 22:28:01
420,342,4,04-22-1955 17:34:17
284,342,2,11-16-1930 00:14:28
197,343,0,10-23-1932 20:00:46
221,343,5,01-05-1968 05:28:59
144,343,0,06-27-1962 18:53:11
246,344,3,05-21-1951 21:20:18
388,344,0,06-08-1942 06:18:44
168,344,3,01-03-2015 14:09:33
362,345,5,08-28-1969 18:15:20
433,345,5,08-24-1903 19:22:45
338,345,1,08-12-1992 20:08:59
324,346,2,05-24-2018 08:58:35
255,346,0,10-31-1929 23:25:22
122,346,3,06-21-1929 14:24:43
123,347,5,07-21-1988 01:04:02
318,347,2,11-30-1954 20:04:55
188,347,4,02-26-1902 16:58:29
331,348,2,05-15-1973 09:53:44
228,348,5,08-13-1963 18:36:50
264,348,1,04-18-1933 11:10:52
291,349,4,06-07-2017 22:34:20
483,349,3,10-16-1919 20:57:38
488,349,0,04-19-1900 10:37:23
25,350,3,07-26-1950 10:05:29
291,350,2,06-25-1981 04:44:18
366,350,4,09-26-1957 14:58:20
122,351,1,07-21-2004 08:50:46
303,351,0,02-22-1918 10:53:26
431,351,5,09-12-2021 22:37:53
319,352,0,08-17-1913 21:05:49
261,352,4,08-12-2002 19:18:28
289,352,0,02-02-1954 01:54:08
61,353,5,03-24-2005 20:28:21
315,353,2,07-02-1965 05:48:42
153,353,2,07-23-1906 06:52:23
371,354,2,05-04-2013 11:06:26
29,354,2,08-13-1911 04:47:26
329,354,1,09-12-1943 22:12:00
271,355,3,06-01-1975 14:23:32
476,355,1,05-11-1971 06:27:50
249,355,5,03-20-1962 11:50:50
403,356,4,01-22-1947 06:09:20
381,356,2,06-08-1997 07:24:31
300,356,3,01-15-1967 03:47:33
3,357,2,10-22-1988 14:13:41
343,357,2,03-13-1981 01:08:21
32,357,0,12-11-1946 05:13:15
103,358,2,11-07-1936 01:10:29
354,358,2,04-27-1920 08:32:02
243,358,5,07-16-1967 23:30:22
282,359,5,12-14-1979 02:16:13
61,359,3,09-13-1990 02:57:36
183,359,1,01-11-1934 00:24:49
241,360,2,11-16-1903 14:46:41
149,360,4,05-09-1939 10:02:45
451,360,0,06-07-2003 18:46:39
108,361,1,09-30-1957 04:11:35
210,361,1,07-20-1909 19:27:37
419,361,3,09-25-1970 04:06:05
125,362,5,04-30-1992 16:13:56
338,362,4,06-16-1926 13:35:57
230,362,3,08-07-1916 22:02:17
360,363,1,12-09-1958 02:16:18
342,363,4,08-29-1956 16:49:13
426,363,3,09-21-1915 19:45:23
325,364,5,08-21-1928 09:54:41
161,364,3,06-25-2020 02:47:19
73,364,1,06-22-1929 15:21:25
393,365,4,09-15-1995 20:55:13
150,365,5,09-23-1920 05:22:59
290,365,4,07-02-1992 04:02:39
227,366,1,04-21-1961 01:21:58
306,366,1,08-20-1919 15:43:04
374,366,5,03-05-1961 02:35:38
90,367,0,10-02-2008 23:11:33
22,367,0,10-21-2011 04:47:38
72,367,3,04-16-1976 00:29:55
450,368,4,02-09-1985 23:15:56
180,368,0,09-14-1985 08:43:03
496,368,1,01-20-1947 16:36:31
73,369,0,03-20-1903 15:42:09
128,369,3,07-14-1912 07:56:13
113,369,3,12-26-1955 13:14:31
369,370,5,04-30-2018 04:03:02
92,370,0,02-09-1921 06:25:31
295,370,2,07-05-1901 19:59:39
348,371,0,04-29-1908 08:38:39
115,371,1,08-16-1909 09:21:16
147,371,2,06-02-2011 01:14:36
237,372,5,06-22-2010 21:50:57
419,372,1,11-20-1926 03:09:48
474,372,2,11-20-2008 17:00:52
171,373,1,10-30-1967 02:21:56
320,373,2,11-12-1947 06:07:13
100,373,0,01-12-1966 16:15:25
308,374,5,04-03-1901 05:13:31
126,374,5,02-23-1943 22:12:08
21,374,2,03-11-2019 14:27:55
390,375,3,08-10-1927 09:11:01
11,375,4,12-11-1920 18:41:48
345,375,3,12-05-1937 11:45:26
392,376,3,07-10-1937 04:58:37
94,376,0,05-15-2017 12:01:18
451,376,3,08-19-1937 16:10:17
254,377,5,06-29-1926 04:49:11
186,377,4,03-01-1913 06:37:51
260,377,4,02-19-1901 02:17:19
378,378,3,10-27-1940 07:54:04
43,378,5,03-09-1948 21:50:58
474,378,4,10-03-1910 13:03:24
435,379,3,01-21-1910 10:04:10
420,379,1,02-11-1922 15:10:29
57,379,4,03-01-1990 13:03:03
125,380,1,08-01-1949 05:32:46
414,380,4,07-21-1940 13:22:57
43,380,4,07-05-1948 21:42:20
326,381,1,07-13-1916 09:51:13
436,381,0,12-18-2000 16:46:37
155,381,4,12-25-2018 07:22:57
182,382,0,09-23-2003 18:37:58
346,382,3,10-09-2007 05:17:26
142,382,5,08-11-1943 00:47:54
263,383,5,05-18-1981 09:15:21
18,383,5,08-19-1970 14:26:15
54,383,3,02-26-1968 04:59:55
23,384,5,10-31-1909 00:24:56
492,384,0,12-20-2018 11:51:53
117,384,4,03-13-1958 18:05:00
293,385,1,02-18-2004 09:38:25
492,385,4,05-19-2000 23:44:45
309,385,5,10-26-1901 00:34:30
399,386,2,11-06-1995 14:54:59
258,386,5,06-04-1953 01:31:14
244,386,0,12-24-1967 08:06:52
131,387,3,01-18-1922 23:29:12
438,387,0,11-10-2016 14:31:15
259,387,2,05-01-1987 07:04:15
452,388,2,10-09-1998 05:26:58
417,388,0,07-31-1982 17:44:49
345,388,0,10-20-1940 21:05:15
202,389,2,06-13-1932 05:40:09
302,389,5,07-26-1915 06:25:05
322,389,3,02-02-2010 10:47:10
331,390,4,05-19-1949 11:30:49
14,390,4,10-22-2007 11:35:18
263,390,0,05-22-1908 21:58:13
132,391,1,04-09-1983 23:08:37
23,391,1,06-28-1925 10:48:34
225,391,4,07-29-1969 19:07:38
414,392,0,11-28-1914 22:43:14
201,392,4,04-27-2004 07:50:51
428,392,5,11-13-1933 23:07:51
398,393,1,03-04-1972 16:49:42
191,393,2,07-29-2006 17:08:43
334,393,5,06-19-1964 00:33:31
284,394,3,02-14-1984 14:44:15
321,394,0,11-30-1953 18:03:16
55,394,2,12-27-1954 03:15:40
409,395,1,09-23-1902 09:05:00
366,395,4,05-20-1957 15:18:45
337,395,5,04-25-1994 15:28:27
447,396,1,12-03-2017 17:11:00
8,396,5,11-09-2021 22:38:52
204,396,0,02-26-1996 17:13:37
221,397,3,10-21-1900 22:20:13
265,397,3,10-11-2012 03:28:21
290,397,2,06-10-1939 21:50:31
288,398,2,05-14-1956 03:55:54
182,398,1,12-31-1912 21:09:03
387,398,4,12-07-1913 21:29:58
136,399,5,05-26-1991 11:55:31
66,399,2,02-06-2016 13:08:51
87,399,1,01-02-1998 12:37:28
399,400,0,10-07-1940 16:19:01
250,400,5,05-03-2010 23:02:56
17,400,4,07-09-1963 02:01:33
240,401,2,08-02-1994 17:56:53
9,401,0,07-12-1926 22:04:58
252,401,2,05-16-1919 06:25:52
114,402,5,02-08-1981 06:19:24
317,402,5,02-16-1942 07:21:07
216,402,5,05-19-1989 23:04:03
49,403,1,01-13-1916 01:09:29
408,403,1,01-02-1978 02:27:41
177,403,3,12-01-1973 13:08:17
192,404,1,12-21-1938 14:45:32
73,404,5,10-16-1924 14:39:28
302,404,4,03-18-1919 12:49:37
425,405,0,11-02-1902 04:07:31
173,405,4,03-15-2011 13:46:46
340,405,1,11-05-1931 21:11:51
402,406,2,07-07-1953 07:51:28
268,406,4,09-22-2015 14:47:24
280,406,3,07-18-1949 22:43:35
449,407,5,10-02-2021 05:07:03
282,407,0,01-16-2009 19:31:28
484,407,3,05-23-1937 23:05:07
195,408,3,02-03-1953 22:36:41
234,408,5,05-03-1963 06:51:56
487,408,1,04-21-1947 12:18:07
81,409,2,07-24-1964 01:59:57
312,409,5,01-03-1922 01:35:54
426,409,1,03-04-2020 22:21:14
302,410,4,07-27-1954 18:34:45
289,410,4,10-06-1948 03:12:41
461,410,3,09-07-1914 19:54:28
90,411,0,08-05-1964 02:45:00
430,411,1,02-06-2014 19:38:13
437,411,4,08-27-2011 16:48:51
445,412,5,05-07-2007 00:41:19
4,412,1,09-08-1955 16:22:13
214,412,1,08-02-2005 00:25:44
438,413,3,09-16-1971 11:37:58
358,413,2,10-19-1952 10:39:04
494,413,1,11-29-1990 10:29:28
463,414,3,11-07-1999 12:28:25
492,414,0,11-21-1951 12:17:41
396,414,5,08-09-1917 09:23:43
269,415,0,12-10-1917 02:50:51
146,415,3,10-09-1984 16:04:15
310,415,0,12-17-1979 18:49:48
483,416,5,10-09-2003 17:34:06
275,416,1,04-20-1911 18:45:44
276,416,5,12-29-1964 20:46:38
59,417,1,10-30-1958 15:10:56
106,417,3,12-19-1999 18:23:46
163,417,1,08-11-1982 20:48:08
141,418,4,11-05-1904 18:53:00
72,418,2,08-29-1962 22:54:43
385,418,5,04-20-1919 06:50:16
409,419,4,09-13-2007 08:18:44
37,419,3,02-13-2004 20:16:04
359,419,2,02-16-1974 14:38:39
152,420,1,07-06-1902 01:53:15
323,420,2,03-04-1916 10:46:28
106,420,0,12-23-1974 22:40:33
37,421,3,07-15-1965 01:51:48
364,421,1,10-09-1975 20:50:03
23,421,5,04-15-1931 05:57:41
332,422,4,03-21-1990 19:14:55
113,422,5,10-26-1928 10:42:32
220,422,4,01-08-1942 12:49:49
249,423,0,01-14-1936 09:10:35
253,423,1,07-12-1951 00:48:56
138,423,1,01-10-1994 06:34:17
273,424,2,07-15-2016 02:29:53
240,424,2,12-11-2005 16:47:50
83,424,0,08-29-2020 19:18:58
144,425,0,09-05-1943 19:37:38
44,425,5,09-28-1993 14:06:18
387,425,2,11-30-1957 21:36:02
351,426,0,06-12-1989 05:08:46
71,426,5,10-27-1925 08:47:35
222,426,4,06-09-1977 20:22:24
455,427,4,01-03-1976 23:32:10
42,427,1,11-30-1939 03:46:38
304,427,3,04-09-1925 06:13:20
442,428,4,09-15-1987 14:29:59
414,428,3,03-14-2017 15:32:42
3,428,2,08-18-1970 02:39:36
126,429,0,06-01-1977 22:07:16
148,429,4,11-06-2013 10:45:56
481,429,4,02-17-1994 10:50:59
17,430,5,07-01-1925 13:55:47
402,430,3,05-16-1999 14:28:16
380,430,0,08-22-1973 22:15:54
268,431,1,01-07-1949 05:24:45
299,431,2,07-19-1908 22:50:58
90,431,2,09-11-1925 20:07:42
410,432,5,05-26-1969 09:17:45
119,432,5,09-12-1958 20:28:27
124,432,3,03-26-2003 07:17:09
197,433,2,09-24-1914 04:10:15
176,433,4,11-30-1928 09:56:20
232,433,1,06-12-2012 09:11:28
432,434,1,12-15-1935 15:51:51
74,434,1,07-15-1909 05:16:28
354,434,2,05-08-1909 23:19:03
8,435,2,12-02-2006 15:11:26
381,435,1,09-05-1978 09:54:59
94,435,0,06-11-2019 17:09:42
329,436,4,11-01-1909 10:18:55
445,436,5,11-23-1973 04:31:59
347,436,5,10-01-1940 12:14:52
461,437,4,05-17-1933 17:59:48
491,437,1,07-14-1945 20:02:56
283,437,2,01-26-1906 09:16:29
224,438,1,11-30-1963 08:34:32
173,438,3,05-10-1952 04:27:21
290,438,1,05-23-1919 12:41:09
293,439,3,08-31-1924 09:56:25
48,439,3,07-09-1910 14:34:48
426,439,2,04-01-1953 21:45:22
401,440,5,04-29-1955 04:10:03
320,440,1,08-31-1922 17:25:43
318,440,0,07-19-1905 02:01:08
492,441,2,12-05-1931 09:29:01
495,441,3,03-07-1999 11:47:09
233,441,3,07-07-1947 09:20:55
109,442,1,05-01-1993 02:36:31
402,442,0,06-28-1916 06:57:22
106,442,1,03-24-1930 18:47:49
394,443,2,03-26-2014 14:33:38
5,443,1,11-09-1926 04:57:05
170,443,2,01-29-2016 03:14:21
88,444,2,06-08-1943 07:27:02
100,444,5,04-28-1934 23:44:55
137,444,2,09-03-1970 05:51:13
473,445,0,05-14-1942 13:30:59
14,445,3,01-28-1963 16:09:19
448,445,1,04-06-1929 16:55:30
18,446,0,10-15-1916 23:35:59
415,446,0,07-31-1903 14:19:56
65,446,1,11-13-1943 01:20:04
195,447,1,08-04-1917 00:18:00
323,447,5,07-04-1960 19:07:06
407,447,1,04-01-2014 05:09:55
482,448,5,06-25-1936 13:40:14
237,448,4,01-17-1901 09:05:45
400,448,1,10-19-1977 05:56:13
167,449,0,04-25-1924 21:38:01
351,449,4,11-08-1994 00:05:54
158,449,1,03-29-1910 15:06:20
225,450,2,03-20-2018 19:01:34
142,450,0,07-12-2004 04:23:20
156,450,1,11-07-1982 08:41:01
405,451,2,09-24-1937 20:37:03
3,451,4,03-17-2002 21:32:58
86,451,5,10-03-2019 13:34:14
231,452,4,07-28-1937 10:53:01
262,452,3,05-26-1955 19:35:50
249,452,4,07-12-1932 02:54:22
493,453,3,09-19-1960 15:03:56
375,453,1,12-03-2014 19:49:52
479,453,3,08-09-1943 14:12:39
180,454,0,11-04-1924 07:26:38
447,454,1,09-12-1983 19:25:22
70,454,1,08-01-1903 13:16:45
404,455,2,02-19-1956 22:19:05
152,455,3,04-08-1991 09:24:11
20,455,0,02-04-1911 14:21:41
126,456,3,07-06-1938 19:09:58
470,456,2,11-14-2011 13:35:03
268,456,4,07-21-2016 21:03:39
184,457,2,06-19-1905 17:48:57
371,457,2,02-07-1944 03:39:13
111,457,1,05-29-1935 04:13:19
383,458,3,12-17-1961 20:32:44
388,458,1,10-07-1956 23:47:15
220,458,2,10-26-1981 13:24:08
275,459,2,09-27-1913 02:54:46
219,459,1,07-20-1916 09:59:05
233,459,1,05-26-1959 10:06:03
194,460,4,12-02-1960 12:34:06
470,460,5,11-17-1951 03:16:21
280,460,4,07-19-1965 19:35:22
14,461,5,11-17-2013 12:34:32
298,461,1,12-05-1917 15:11:05
374,461,1,03-13-1946 19:53:55
441,462,2,11-07-2014 22:07:03
402,462,5,05-04-1901 17:20:54
409,462,5,05-07-2015 21:11:18
326,463,0,04-16-1934 14:52:05
356,463,1,03-14-1991 21:31:46
92,463,5,01-11-1944 14:48:51
109,464,3,06-18-1902 16:37:44
144,464,4,05-24-1901 23:08:45
87,464,4,11-15-1970 03:07:55
387,465,4,10-26-1939 20:30:57
430,465,5,06-09-1927 16:20:55
440,465,5,03-29-1932 19:17:35
422,466,0,09-08-1978 18:25:49
172,466,5,04-05-1970 12:23:33
274,466,4,02-01-1936 09:30:51
61,467,3,05-10-1984 13:30:27
182,467,1,06-22-1933 01:46:04
385,467,3,01-02-1952 03:24:02
210,468,3,12-29-1986 05:36:16
495,468,5,06-24-1951 21:38:12
381,468,1,07-30-1947 01:39:07
474,469,4,03-21-1996 01:56:10
119,469,3,03-27-1959 19:20:09
173,469,0,04-21-1949 02:42:50
59,470,2,11-16-2015 04:41:31
149,470,0,07-14-1935 08:28:59
175,470,4,12-18-1933 05:37:48
128,471,5,01-07-1920 16:18:55
63,471,3,12-30-2007 16:08:42
174,471,1,05-19-1998 22:52:15
300,472,3,07-26-1980 06:58:49
295,472,2,09-27-1936 17:16:41
46,472,4,11-20-2007 01:53:38
434,473,3,08-26-2008 11:33:17
309,473,3,03-31-1989 01:19:17
449,473,0,12-18-1968 05:20:24
370,474,1,05-11-1982 16:27:05
43,474,1,02-14-1997 21:48:06
417,474,5,04-17-1944 13:37:35
286,475,0,08-04-2007 08:07:46
157,475,3,09-28-1974 05:53:26
333,475,4,09-20-1929 01:24:56
171,476,0,05-03-1908 12:01:31
272,476,2,03-28-2001 19:19:57
278,476,2,01-26-1915 21:51:29
306,477,0,03-06-1945 00:53:10
134,477,1,02-05-1986 21:19:25
61,477,5,03-02-1929 12:46:27
127,478,1,09-24-1944 23:53:21
212,478,5,03-08-1924 03:09:45
384,478,3,10-12-1979 05:37:38
114,479,4,08-15-2019 03:57:30
179,479,0,04-16-1929 00:17:49
298,479,2,04-04-1973 04:27:08
269,480,5,05-28-1900 14:10:55
229,480,2,05-11-1932 09:37:10
495,480,0,10-21-2000 12:47:45
362,481,4,03-17-1953 03:39:52
427,481,0,10-19-2004 22:37:02
166,481,3,06-05-1903 01:03:25
172,482,5,01-20-1965 01:05:37
485,482,5,05-06-2011 16:30:15
413,482,5,03-10-1954 18:09:01
13,483,5,04-01-1918 03:39:08
235,483,1,10-19-1982 19:36:52
386,483,2,07-16-1950 11:57:18
47,484,4,06-22-1941 23:21:38
181,484,0,09-14-2009 20:50:26
209,484,5,05-21-1917 18:15:44
77,485,4,09-11-1954 10:16:11
363,485,1,11-24-2017 03:02:47
276,485,3,09-08-1997 00:06:19
236,486,4,05-26-1942 22:29:06
23,486,3,03-21-1955 03:25:32
298,486,4,08-15-1969 14:08:51
172,487,0,04-10-1901 13:51:53
81,487,0,04-12-1987 15:05:16
15,487,4,07-05-1991 08:51:23
29,488,3,09-20-1958 01:12:44
178,488,2,11-26-1939 13:21:45
271,488,0,05-08-1982 08:50:39
292,489,3,04-04-2013 10:29:34
190,489,2,12-16-1951 08:14:54
444,489,3,12-28-2017 04:52:56
409,490,3,09-26-1908 14:25:50
214,490,4,02-05-1903 16:09:22
324,490,5,02-16-2005 16:28:41
247,491,4,02-01-1903 13:25:03
346,491,5,11-10-2001 20:17:38
164,491,1,12-23-1990 04:00:16
162,492,1,05-16-1905 00:20:43
34,492,4,10-03-2001 16:55:27
172,492,3,06-17-1949 21:29:20
150,493,5,04-28-1926 06:19:19
42,493,4,08-29-1916 15:07:11
434,493,5,02-23-1999 07:25:17
155,494,5,03-17-1960 05:06:36
270,494,3,04-19-1985 10:29:29
309,494,2,07-24-1943 10:48:41
116,495,2,06-26-1995 23:09:46
34,495,1,12-23-1996 13:57:19
260,495,1,03-17-1966 20:38:01
118,496,2,11-03-1917 19:28:27
488,496,2,03-02-2005 18:47:29
154,496,2,03-07-1913 05:34:37
365,497,0,04-16-1945 13:48:14
221,497,5,11-03-1999 08:34:55
488,497,3,03-23-1965 20:17:12
256,498,1,03-17-2004 23:12:20
46,498,5,04-21-1919 23:19:27
11,498,3,01-13-1957 16:56:26
139,499,0,06-02-2002 19:18:21
134,499,2,02-21-2021 02:51:48
416,499,5,01-08-1990 21:39:04
