1,106,10-25-1929 20:13:05,2
1,660,11-26-1978 18:21:35,1
1,581,12-18-1951 04:35:23,1
2,378,12-08-1952 19:36:57,2
2,508,12-24-1923 03:58:23,2
2,626,10-16-1996 22:16:04,2
3,164,08-23-2011 01:38:28,2
3,225,01-05-1970 13:33:33,3
3,796,06-19-1931 06:33:33,2
4,594,08-07-2007 05:47:43,1
4,887,12-26-2016 23:14:19,2
4,858,03-24-1945 05:46:08,1
5,424,11-21-1926 22:32:25,1
5,965,05-26-1982 00:39:21,3
5,321,05-19-1991 02:46:26,2
6,786,04-04-2019 20:34:52,2
6,942,11-20-1924 18:25:54,2
6,590,02-23-1970 10:33:11,2
7,300,11-11-1962 11:33:18,1
7,691,04-10-1942 20:32:41,1
7,374,11-30-1959 01:20:40,2
8,767,04-29-1901 19:35:03,3
8,686,12-18-1986 04:42:44,1
8,416,03-27-1917 14:43:10,1
9,377,07-03-1952 01:22:15,1
9,729,11-01-1966 23:17:52,1
9,619,03-22-2005 18:18:33,2
10,534,01-21-1985 14:42:18,1
10,856,05-08-1915 08:47:31,2
10,762,11-26-1934 14:01:36,2
11,159,02-25-1972 19:24:15,2
11,987,03-07-1982 23:22:36,1
11,553,02-06-1959 22:07:22,3
12,630,08-16-1959 06:47:19,3
12,74,05-21-1940 16:02:24,3
12,541,04-06-1988 13:51:14,1
13,651,08-13-1935 17:14:46,1
13,276,09-16-1970 09:15:25,3
13,994,08-06-2003 16:52:45,2
14,274,11-25-1944 10:45:01,2
14,140,10-28-1957 01:47:08,1
14,87,03-29-1974 03:14:33,3
15,619,07-03-1991 02:41:14,1
15,837,08-16-1911 22:45:27,2
15,877,11-23-1906 00:06:14,1
16,993,05-05-2002 10:51:46,3
16,774,09-04-1999 18:10:29,1
16,549,10-15-2003 11:09:11,3
17,999,04-01-1928 06:06:15,2
17,864,09-18-1914 05:59:51,2
17,140,10-16-2018 00:04:05,3
18,544,02-26-2017 15:10:18,1
18,716,02-11-1956 18:30:07,3
18,56,06-15-1973 01:57:34,3
19,171,09-10-2015 06:30:56,2
19,237,02-26-1947 04:36:08,3
19,104,02-24-1917 02:53:16,3
20,812,12-01-1945 12:18:46,1
20,273,02-25-2014 21:24:03,2
20,652,07-18-2019 14:01:18,2
21,957,08-11-1915 06:35:14,2
21,922,08-07-1944 21:48:28,2
21,148,02-02-1991 07:08:03,2
22,90,10-01-2010 19:52:25,2
22,84,12-25-1975 22:14:31,3
22,992,06-25-1955 04:23:34,3
23,495,12-12-1912 08:53:43,1
23,783,05-30-1977 14:45:58,3
23,413,07-09-1963 12:03:34,2
24,545,02-20-1980 08:53:21,2
24,489,12-23-2018 09:53:17,2
24,331,05-05-1968 07:56:34,2
25,694,06-05-1904 08:46:38,1
25,287,10-04-1940 04:12:21,3
25,68,04-17-1948 23:10:56,3
26,82,08-11-1998 06:19:41,2
26,951,04-29-1930 22:04:26,2
26,467,01-15-1941 04:10:35,1
27,47,01-13-1920 05:17:24,3
27,939,09-04-1955 06:14:23,2
27,896,10-25-2005 19:09:57,1
28,733,11-03-1986 04:07:20,3
28,185,05-19-1956 12:20:05,3
28,866,10-08-1929 21:31:20,2
29,250,10-15-1929 14:48:43,1
29,777,01-03-1970 01:18:25,3
29,196,11-20-1928 20:03:56,1
30,169,11-14-1911 05:46:18,1
30,217,11-26-2019 08:27:31,2
30,962,12-17-1900 15:37:23,2
31,268,02-11-1973 02:34:31,3
31,474,07-18-1945 01:23:38,2
31,176,01-02-1937 05:19:52,3
32,913,02-16-1986 18:50:18,2
32,147,05-16-1951 00:53:40,3
32,599,07-19-2014 22:50:26,1
33,47,07-19-1978 04:11:46,3
33,793,09-04-1980 21:06:23,2
33,729,09-01-1992 08:30:28,3
34,345,01-20-1929 02:45:27,3
34,537,11-05-1920 16:48:54,3
34,15,03-21-2017 23:19:03,2
35,39,11-04-1921 15:10:00,1
35,160,01-14-2011 19:41:21,1
35,720,06-08-1932 08:08:39,2
36,363,11-14-1978 18:37:17,3
36,702,05-29-1984 14:48:16,1
36,465,04-22-1962 01:41:45,3
37,368,03-21-1982 03:37:33,3
37,83,05-28-1998 04:20:58,1
37,940,06-02-1977 09:16:43,1
38,354,04-25-2016 00:20:37,3
38,639,04-27-1992 20:48:53,2
38,506,05-06-2004 10:34:31,1
39,946,09-06-1975 00:25:50,3
39,486,07-03-1957 23:41:14,2
39,200,06-01-2012 09:54:28,3
40,750,06-09-1920 23:02:52,3
40,392,06-09-1933 21:34:52,3
40,371,03-27-1970 22:27:50,2
41,440,09-24-2019 14:28:52,1
41,667,09-20-1951 15:40:52,2
41,653,04-14-1980 08:10:51,3
42,886,09-14-1983 12:55:20,2
42,674,04-10-1911 05:03:34,1
42,340,07-06-1993 00:21:29,2
43,317,02-05-1906 20:28:00,3
43,581,06-29-2003 14:02:03,2
43,219,07-29-1981 16:23:00,2
44,519,08-17-1998 22:43:23,2
44,378,09-17-2019 05:24:48,3
44,724,02-25-1964 06:29:21,2
45,159,08-05-1938 22:41:33,3
45,347,10-28-2014 18:17:13,2
45,256,08-09-1922 19:34:40,1
46,600,07-20-1920 02:33:43,1
46,742,04-27-1965 15:16:19,3
46,178,07-14-1986 22:39:13,3
47,437,04-03-1985 11:02:55,2
47,107,05-01-1988 17:30:54,3
47,780,06-25-1979 09:24:43,3
48,244,06-23-1948 21:13:46,2
48,730,02-18-2015 04:00:30,2
48,99,04-01-1905 01:16:05,3
49,544,03-07-1911 18:21:52,3
49,604,02-02-1987 18:48:42,1
49,514,03-24-1940 19:30:21,3
50,753,09-02-2005 21:27:06,2
50,240,03-04-1970 18:58:52,3
50,232,09-12-1940 05:32:11,2
51,776,07-22-1956 13:03:11,1
51,854,02-14-1990 05:06:52,2
51,608,04-12-1965 15:38:54,3
52,396,07-05-1996 01:06:05,2
52,446,11-23-2006 09:56:09,1
52,502,07-16-2000 11:27:56,1
53,541,03-24-1907 21:34:39,2
53,161,11-06-1973 01:09:58,3
53,781,04-20-1984 21:57:23,1
54,455,04-05-1941 00:47:20,3
54,491,08-20-1963 03:32:29,2
54,964,06-06-2007 14:43:42,2
55,62,06-15-1933 12:01:27,3
55,559,05-19-2014 03:08:58,1
55,421,05-21-1957 17:38:32,2
56,358,08-28-1998 15:03:17,3
56,209,06-04-1957 19:39:05,3
56,978,02-06-1939 14:12:29,2
57,998,04-13-1928 00:06:22,2
57,920,10-21-1917 16:41:43,1
57,892,02-02-1969 22:52:45,1
58,836,07-07-1998 05:24:21,2
58,443,06-25-1992 14:54:03,1
58,555,03-19-1954 21:35:22,3
59,980,07-30-1932 14:42:03,1
59,576,03-01-1917 15:53:32,2
59,511,06-05-2015 08:30:56,2
60,880,11-27-1956 05:22:44,3
60,871,07-22-1977 18:10:21,2
60,130,12-02-1969 05:11:30,2
61,905,11-01-1913 20:15:39,3
61,622,07-11-1934 14:11:41,1
61,181,06-05-1963 01:21:20,1
62,778,03-06-1972 05:56:41,3
62,19,05-27-1953 01:07:40,3
62,329,05-02-1983 18:25:20,2
63,504,05-09-1933 23:39:48,3
63,976,08-02-1903 08:47:31,1
63,410,05-14-1916 18:57:20,3
64,495,02-17-1903 01:10:24,2
64,226,01-30-2005 05:31:56,3
64,196,02-22-1901 23:05:04,3
65,72,10-09-1998 06:08:24,1
65,302,05-05-1940 08:58:17,2
65,214,02-01-1999 22:00:46,1
66,111,09-01-1954 19:14:05,1
66,943,06-29-1946 02:46:29,3
66,991,12-09-1969 03:13:34,1
67,99,02-07-1916 21:57:30,2
67,954,06-13-2020 17:38:23,1
67,685,05-22-1961 11:08:29,2
68,340,06-09-1997 05:16:41,1
68,16,04-09-1950 00:38:38,3
68,526,09-22-1990 09:03:24,2
69,572,01-19-1922 15:50:39,3
69,458,12-02-1950 06:35:43,1
69,933,12-14-1970 09:03:12,2
70,62,06-15-1955 13:21:23,1
70,712,09-09-1946 04:59:59,1
70,225,05-06-1990 21:11:27,1
71,979,01-04-1936 14:12:29,3
71,911,11-15-1932 12:11:32,2
71,841,08-16-1925 12:41:09,1
72,986,08-01-1927 16:22:56,3
72,990,03-06-1933 02:58:34,3
72,897,11-21-2004 07:03:46,3
73,685,07-05-1971 08:09:55,3
73,920,08-20-1970 12:01:10,3
73,605,10-30-1916 09:03:18,1
74,69,06-15-2008 23:14:41,3
74,772,01-10-1987 23:39:29,1
74,668,04-25-2000 13:38:21,1
75,330,05-09-1951 07:58:04,1
75,917,08-21-1903 04:32:56,2
75,829,10-21-2019 23:32:09,2
76,454,09-09-1931 11:09:32,3
76,401,11-14-1927 09:34:33,3
76,320,07-14-1923 12:57:53,3
77,798,01-27-1985 02:53:12,3
77,609,02-23-1935 06:52:06,1
77,201,07-27-1917 16:19:00,2
78,386,10-30-1937 19:13:06,3
78,498,01-01-1919 01:34:44,2
78,271,06-18-1962 04:35:14,2
79,648,09-15-1994 15:36:20,1
79,918,11-16-1925 09:31:27,1
79,743,08-26-1983 21:15:24,1
80,872,11-01-1942 02:00:54,1
80,639,02-09-2018 07:26:50,3
80,469,09-17-1941 23:23:15,2
81,807,06-11-1933 01:19:55,2
81,691,02-14-1984 17:40:05,3
81,66,05-22-2004 17:19:40,3
82,493,01-05-1963 02:37:53,1
82,544,09-08-1980 19:08:07,2
82,488,06-23-1965 22:13:03,2
83,525,11-02-1940 19:22:38,2
83,953,06-18-1931 03:36:29,2
83,119,10-11-1985 15:57:53,1
84,335,08-27-1959 12:59:12,3
84,131,02-26-1951 02:10:05,2
84,31,02-03-1962 14:54:04,2
85,254,08-23-1944 23:15:50,2
85,168,12-20-1915 03:58:46,3
85,346,10-26-1929 21:38:44,3
86,604,04-14-1919 02:04:58,3
86,256,03-23-1947 15:24:55,3
86,749,06-22-2004 22:27:21,2
87,186,09-07-1982 10:50:03,2
87,445,01-31-1969 08:52:08,3
87,861,11-24-1998 00:06:13,1
88,541,07-31-1998 02:42:23,2
88,471,04-16-1920 06:14:57,1
88,871,01-19-1988 04:09:23,1
89,115,12-07-1971 07:19:43,1
89,983,08-25-1971 00:51:28,1
89,99,08-15-1919 15:23:17,3
90,995,02-28-1989 21:10:08,1
90,550,04-01-2002 23:11:21,2
90,355,08-27-2012 17:56:18,3
91,64,05-09-1903 10:01:38,1
91,39,07-11-1976 07:47:21,2
91,735,02-24-2017 18:30:16,3
92,653,07-04-1981 22:34:42,1
92,99,07-11-1948 22:17:32,2
92,109,12-18-1997 04:02:20,2
93,999,06-11-2020 15:03:42,2
93,491,06-12-1974 00:34:13,3
93,80,12-26-1952 14:54:01,2
94,291,03-12-1934 22:25:43,2
94,633,07-25-1963 07:39:56,3
94,438,06-15-1971 23:50:46,2
95,159,11-05-1923 13:41:17,3
95,201,05-08-1996 04:38:24,1
95,962,12-13-2005 00:04:23,2
96,952,08-14-1985 21:00:33,3
96,528,05-02-1907 21:52:47,3
96,400,02-11-1910 19:41:02,1
97,912,07-10-1934 22:31:18,3
97,560,03-09-1945 06:47:25,2
97,140,05-13-1944 19:41:10,3
98,636,09-19-1970 06:15:29,2
98,497,08-06-1927 07:45:38,1
98,445,04-01-2000 17:08:46,2
99,530,10-15-1909 05:54:13,1
99,518,12-09-1968 07:18:37,2
99,739,11-09-1940 15:02:17,2
100,951,12-02-1954 13:56:15,1
100,47,10-06-1917 09:23:30,3
100,754,04-07-1987 10:55:54,2
101,203,10-05-1942 03:23:15,1
101,476,09-02-1922 19:02:48,3
101,496,04-19-2017 05:02:13,2
102,645,01-22-2011 17:13:32,2
102,108,12-05-1980 13:08:26,2
102,290,11-09-1925 07:50:10,1
103,930,04-22-1945 01:07:48,3
103,54,03-09-1947 15:33:08,2
103,676,10-13-1957 09:56:14,2
104,687,03-29-1913 12:26:49,3
104,996,08-15-2016 05:19:56,1
104,139,06-06-1922 00:42:05,3
105,920,06-08-1984 10:18:01,1
105,68,12-23-1904 16:42:19,3
105,48,08-30-1961 10:35:47,2
106,320,04-19-2013 11:45:07,2
106,59,03-13-1978 06:13:44,2
106,61,08-26-1948 04:31:28,3
107,694,06-11-1905 20:48:14,2
107,854,12-23-1970 11:08:24,2
107,797,06-07-1927 15:50:29,3
108,842,06-28-2008 01:56:12,2
108,20,12-18-2017 08:40:38,3
108,807,03-05-2008 13:17:06,3
109,53,06-17-2001 17:55:31,2
109,631,01-18-1907 02:42:48,1
109,735,11-01-1912 05:47:17,1
110,830,06-26-1967 03:03:15,3
110,898,06-19-1992 01:32:37,3
110,789,01-23-2010 01:58:09,1
111,677,03-08-2008 01:13:56,1
111,237,09-10-1904 01:30:33,2
111,889,07-24-1987 19:05:46,2
112,451,03-04-1937 13:58:06,1
112,425,11-18-1982 20:52:48,3
112,840,11-01-2005 08:08:06,3
113,323,05-28-2020 08:42:51,2
113,147,12-26-2013 06:37:50,2
113,279,11-01-2011 19:41:20,3
114,405,02-12-1987 13:38:46,2
114,507,01-08-1900 20:28:05,1
114,917,12-19-1976 12:09:52,2
115,313,07-19-1949 02:45:59,3
115,331,06-18-1952 06:04:44,2
115,595,01-04-1949 03:15:08,3
116,79,01-25-2009 01:16:41,1
116,115,02-01-1924 12:43:23,1
116,293,11-19-2018 09:21:47,3
117,708,10-17-2000 03:45:12,1
117,395,03-03-1986 11:12:52,1
117,473,03-21-1971 22:16:48,3
118,185,06-04-1994 01:39:48,3
118,703,09-28-1943 23:48:08,1
118,966,04-22-1982 03:02:47,2
119,896,01-30-2015 05:50:11,3
119,660,02-02-1961 19:06:25,1
119,244,05-20-1969 00:17:28,1
120,304,08-28-1959 13:27:01,2
120,72,01-07-1913 03:40:35,2
120,706,12-30-1905 00:07:47,1
121,643,10-12-1908 02:51:35,3
121,635,10-28-1983 18:03:45,1
121,250,12-08-1961 03:11:56,2
122,480,07-26-1903 09:13:25,2
122,701,06-18-1941 21:36:00,3
122,146,12-02-1955 12:39:22,1
123,201,06-30-1973 02:15:34,2
123,346,11-02-1904 10:56:57,3
123,988,03-08-1976 12:00:57,2
124,792,07-08-2004 04:59:17,2
124,972,07-19-2006 06:52:34,1
124,977,02-11-1946 02:28:50,3
125,716,07-20-1945 00:35:06,2
125,663,07-22-1988 23:40:13,1
125,487,10-17-1925 17:12:59,1
126,176,11-02-1946 13:28:17,1
126,201,08-14-1997 21:49:22,2
126,226,09-29-1928 09:40:49,1
127,390,12-27-2008 11:12:31,2
127,999,06-12-1978 05:40:49,1
127,684,11-13-1909 21:40:23,3
128,831,07-05-1977 20:11:53,2
128,775,11-10-1925 20:57:47,1
128,99,05-05-2020 00:52:01,1
129,281,04-06-1916 09:05:50,2
129,576,06-05-1994 03:58:30,2
129,893,12-15-1992 16:57:40,3
130,685,01-17-1936 02:20:47,1
130,427,11-27-2011 03:52:36,3
130,37,04-20-2011 02:22:49,3
131,195,12-12-2014 09:25:00,3
131,23,12-03-1900 13:25:40,2
131,397,06-25-1918 23:48:10,2
132,290,01-07-2000 10:26:26,2
132,44,08-15-1951 06:26:51,2
132,981,09-29-1931 23:25:03,2
133,582,06-09-1999 17:25:38,1
133,561,05-04-1905 06:16:04,1
133,152,07-13-1906 08:54:07,3
134,361,12-29-1960 18:01:16,3
134,656,09-15-1990 08:29:52,1
134,64,03-09-1985 08:36:17,3
135,173,07-25-1969 02:49:49,1
135,55,10-02-1940 02:12:43,3
135,734,06-15-1963 06:59:44,1
136,117,10-27-1971 13:10:22,3
136,375,08-25-1944 07:15:08,2
136,446,01-13-1939 01:21:23,2
137,257,09-06-1919 12:14:02,1
137,732,11-17-1926 02:25:09,2
137,35,09-02-1912 01:00:17,3
138,618,03-16-1974 15:17:36,2
138,216,04-16-2017 16:39:21,2
138,960,12-20-1919 22:47:30,1
139,195,09-29-1906 03:05:46,2
139,970,01-31-2007 12:31:44,2
139,360,05-13-1905 07:36:31,2
140,342,05-24-1955 20:12:51,2
140,505,10-01-1917 02:51:34,1
140,552,01-17-1978 19:36:07,3
141,993,03-03-1959 09:59:22,1
141,995,04-03-1998 19:31:20,1
141,814,04-13-1967 22:09:32,2
142,932,12-13-1914 08:40:20,1
142,850,03-04-1925 21:34:24,1
142,304,07-13-1987 23:14:57,3
143,203,05-09-1922 12:19:16,3
143,415,10-18-1952 02:25:39,2
143,413,05-03-1964 05:35:41,1
144,504,03-29-1925 09:53:13,1
144,181,04-11-1925 10:38:17,1
144,529,09-08-2005 18:37:10,1
145,320,07-09-2010 14:11:29,3
145,657,06-30-1905 23:40:33,2
145,130,09-20-1926 21:04:46,3
146,769,11-16-1934 18:16:37,1
146,372,01-01-1930 22:06:28,2
146,628,03-07-1952 08:26:36,1
147,281,02-08-1911 06:38:19,2
147,49,06-08-1933 17:31:55,2
147,502,03-23-1955 15:57:40,2
148,2,12-22-1936 03:41:00,2
148,74,10-30-1918 04:44:55,2
148,965,01-27-1939 09:23:59,1
149,82,05-23-1972 14:50:08,2
149,514,07-08-1921 15:52:05,2
149,520,06-16-2000 01:28:48,1
150,226,09-06-1970 04:14:41,3
150,30,10-23-2012 00:32:10,1
150,276,08-13-1925 10:21:44,3
151,726,02-24-1978 07:53:14,1
151,231,05-14-1949 16:57:31,2
151,636,02-22-2005 14:06:56,1
152,198,04-27-1941 05:16:15,2
152,731,09-05-2009 04:35:57,1
152,22,08-30-1978 14:23:22,2
153,955,04-21-1934 15:14:04,1
153,115,04-20-2000 09:40:15,1
153,236,06-28-2007 07:23:17,3
154,391,07-08-1944 20:55:18,1
154,826,09-19-1992 03:44:28,1
154,279,08-17-1965 14:25:31,2
155,400,10-04-1952 08:40:45,1
155,661,07-01-1991 09:56:48,2
155,453,07-15-1996 23:14:21,1
156,215,10-09-1980 04:14:15,1
156,692,09-10-1989 04:27:29,3
156,862,08-17-1980 17:57:53,1
157,56,04-20-1986 16:30:40,1
157,491,04-21-1937 11:26:20,3
157,864,11-27-2006 03:57:51,1
158,223,04-07-2008 03:18:43,3
158,905,12-06-1934 21:34:02,1
158,656,01-20-1911 06:57:12,1
159,651,12-25-1914 19:38:28,2
159,250,01-15-2001 01:13:50,3
159,950,05-13-1937 14:24:29,1
160,606,02-04-1926 15:43:28,3
160,870,03-22-1922 17:56:10,2
160,925,02-02-1936 08:37:24,2
161,460,05-02-1954 17:38:57,1
161,658,05-24-1965 20:39:41,1
161,127,12-15-2002 15:57:56,1
162,901,04-16-1912 08:29:09,3
162,873,04-24-1964 22:17:52,1
162,411,08-26-1977 05:29:21,1
163,886,09-29-2017 08:33:27,2
163,667,01-19-1937 22:52:18,1
163,331,10-28-1908 22:03:01,1
164,338,12-26-1921 17:17:17,2
164,484,04-28-1973 18:10:17,1
164,345,12-28-2017 06:21:26,3
165,891,01-30-2003 14:22:26,1
165,478,04-08-1935 06:29:37,2
165,837,06-21-1915 03:59:31,3
166,775,11-22-2000 07:59:11,2
166,761,11-09-1915 00:08:07,3
166,422,03-16-2001 17:37:31,1
167,764,06-30-1941 15:50:01,1
167,22,01-04-1977 04:16:39,2
167,938,10-28-2005 00:16:40,1
168,310,09-26-2009 04:08:14,1
168,59,10-29-1957 07:40:31,3
168,628,07-17-1998 16:52:56,1
169,539,03-20-1928 00:07:20,2
169,795,07-23-1989 04:28:36,1
169,630,03-21-1964 09:43:59,2
170,929,10-02-2021 00:24:26,2
170,988,03-15-1964 01:07:41,1
170,778,09-15-1946 09:58:00,2
171,42,12-11-2020 23:34:34,1
171,522,07-16-1971 09:03:16,3
171,761,02-04-1921 17:33:35,2
172,474,03-18-1944 22:49:32,3
172,377,10-26-2016 11:18:10,3
172,154,02-14-1950 16:10:55,3
173,769,08-18-1913 19:05:13,1
173,298,08-03-1941 21:14:08,3
173,508,01-12-1982 05:57:11,2
174,183,06-04-1913 04:08:25,1
174,714,04-04-1998 10:51:50,3
174,977,02-11-1990 14:53:33,2
175,944,12-03-2010 09:35:13,3
175,152,10-23-2010 02:26:59,1
175,877,03-07-1932 01:25:05,3
176,510,01-05-1944 04:21:36,2
176,345,01-24-1985 19:59:30,3
176,757,08-19-1945 04:58:17,2
177,13,11-26-2014 02:52:43,2
177,313,09-05-1935 14:07:17,1
177,296,01-04-1977 22:35:43,3
178,948,04-30-1939 15:38:10,2
178,860,06-06-2001 11:20:12,1
178,434,05-13-1925 20:04:34,3
179,337,01-24-1956 03:44:39,2
179,410,02-07-1944 22:29:59,3
179,403,04-19-2005 00:36:51,3
180,541,04-01-1959 18:32:23,1
180,221,11-10-1954 11:01:03,3
180,39,01-31-1941 12:13:20,3
181,375,02-01-1919 10:30:47,2
181,395,06-09-1935 09:06:12,1
181,999,09-10-2008 03:02:38,1
182,691,11-29-1989 18:18:15,1
182,154,08-01-1928 13:35:32,2
182,359,02-19-1998 23:25:10,1
183,899,02-01-1995 03:49:58,2
183,625,04-07-1917 13:49:26,3
183,992,11-23-1911 15:41:54,1
184,742,01-24-1997 08:25:48,3
184,559,07-02-1914 19:52:30,2
184,644,12-13-1941 05:16:25,2
185,459,09-20-2011 14:53:42,1
185,693,01-06-1926 16:49:31,2
185,418,07-01-2010 15:33:45,3
186,100,12-03-1901 13:16:42,2
186,297,03-14-2021 05:42:36,2
186,940,07-30-1938 04:15:26,1
187,883,05-28-1982 01:47:26,1
187,854,10-03-1912 05:19:08,3
187,306,10-09-2004 12:57:15,1
188,113,09-02-1935 04:52:40,2
188,593,02-09-1935 14:43:15,2
188,484,06-25-1992 05:20:33,1
189,206,09-24-2016 01:03:47,3
189,619,09-16-1955 07:15:13,3
189,570,07-28-1953 06:52:18,2
190,894,08-04-1963 01:21:06,2
190,93,01-29-2003 07:39:11,2
190,609,07-19-1999 01:18:32,1
191,469,05-13-2016 16:04:45,2
191,491,08-12-1936 15:24:35,3
191,9,12-28-1992 16:23:33,2
192,311,11-06-2000 03:11:01,3
192,25,11-03-1957 15:22:48,1
192,280,10-23-1966 18:52:28,2
193,608,11-30-1947 03:52:02,2
193,575,07-18-1933 07:00:12,1
193,670,11-18-1994 04:50:14,1
194,974,03-25-2021 15:02:39,2
194,679,03-06-1958 14:37:32,3
194,448,07-24-1904 15:12:38,2
195,712,08-26-1908 10:33:24,3
195,321,09-13-1960 17:13:31,1
195,964,10-02-1989 19:48:46,2
196,576,12-20-1943 20:58:22,2
196,240,06-06-1930 19:00:01,3
196,475,01-18-1992 12:11:33,2
197,467,02-08-1982 10:30:43,3
197,547,07-07-1916 02:35:13,1
197,269,04-15-1903 11:19:17,1
198,426,09-16-2002 16:20:46,3
198,537,04-17-1994 12:40:52,2
198,388,12-13-1964 14:19:30,3
199,82,12-22-1952 02:20:02,2
199,819,07-09-1993 03:02:25,3
199,699,12-02-1918 19:26:58,2
200,427,05-18-1941 19:23:18,3
200,682,04-08-1980 18:14:23,1
200,314,10-27-1998 17:44:17,3
201,492,08-03-1966 06:49:31,2
201,595,05-03-1950 09:33:34,1
201,866,04-29-1954 09:56:43,1
202,697,08-29-1993 09:52:17,2
202,402,11-01-1918 16:24:40,1
202,63,12-15-2015 17:31:08,2
203,920,11-18-1949 14:59:03,2
203,884,08-18-1943 04:51:07,1
203,334,04-28-2010 14:30:39,2
204,247,05-13-1954 17:46:03,3
204,46,08-20-1976 11:22:06,1
204,339,11-19-1936 00:16:37,1
205,281,03-13-2014 21:43:47,1
205,589,02-11-1904 08:32:35,2
205,718,07-19-1980 06:33:33,1
206,826,06-03-2015 13:59:37,1
206,521,11-30-2003 23:29:47,2
206,83,04-29-1995 14:32:02,1
207,579,05-01-1904 19:35:51,3
207,586,12-27-1911 07:14:35,2
207,392,04-18-2010 04:48:11,3
208,589,03-29-1964 01:49:47,2
208,496,02-14-1974 08:20:34,2
208,75,03-27-1967 16:02:15,2
209,409,11-02-1966 15:37:34,2
209,659,08-26-1903 15:24:26,1
209,737,01-22-1928 03:01:02,1
210,914,09-15-1969 06:09:38,2
210,201,07-28-2019 10:09:26,3
210,266,04-11-1920 19:51:55,1
211,912,10-28-1949 19:24:05,3
211,507,02-28-1952 02:33:31,3
211,115,12-16-1967 11:35:34,2
212,795,12-05-1987 15:15:15,1
212,31,03-26-1977 09:46:16,1
212,469,03-04-1923 16:17:26,2
213,741,10-28-1997 21:29:35,2
213,69,05-29-1996 03:02:04,2
213,815,01-30-1979 11:54:14,2
214,748,07-14-1903 12:07:33,3
214,786,06-13-1964 10:52:20,3
214,843,12-16-1933 13:14:54,3
215,525,04-22-1907 02:52:05,1
215,573,11-14-1933 14:32:34,2
215,353,10-09-1970 16:16:22,1
216,880,03-29-1904 13:49:45,3
216,736,08-28-1939 01:59:32,1
216,775,09-18-1995 03:57:55,1
217,839,08-30-1914 16:54:22,2
217,877,08-08-1944 15:35:38,1
217,940,07-19-1910 21:32:59,3
218,440,10-25-2008 20:58:06,1
218,125,12-16-1929 04:03:49,2
218,597,08-23-1970 14:41:39,3
219,510,08-01-1972 23:45:03,1
219,681,07-05-1954 10:52:26,2
219,107,12-04-1988 03:49:16,3
220,940,08-12-1907 10:28:43,1
220,499,09-29-1928 04:46:39,1
220,383,06-22-1982 20:47:58,1
221,232,10-05-1917 21:55:48,2
221,574,09-28-1930 09:16:36,1
221,134,05-06-1944 12:07:15,2
222,795,10-26-1932 16:42:04,1
222,60,01-31-2015 08:35:15,1
222,900,10-30-1945 12:18:43,2
223,519,09-30-1927 23:49:05,2
223,476,06-06-1901 17:29:53,2
223,834,08-28-1998 23:29:04,1
224,696,10-21-1930 03:49:33,1
224,658,05-13-1963 22:57:51,2
224,806,12-10-1921 22:45:03,3
225,857,04-04-1922 23:11:11,1
225,487,11-22-1929 06:07:14,2
225,131,02-19-2010 12:04:56,2
226,436,08-25-2000 13:42:29,1
226,626,04-08-1989 03:39:44,2
226,149,03-27-1955 23:33:00,1
227,860,05-17-1907 10:09:17,3
227,304,02-27-1918 06:58:30,1
227,23,03-31-1942 14:54:25,2
228,166,02-13-1955 03:20:51,2
228,720,03-05-1965 07:54:15,2
228,54,10-08-1999 12:12:04,1
229,35,12-24-1985 06:17:05,1
229,564,06-25-1923 23:35:51,2
229,906,05-21-1980 09:23:23,2
230,180,09-26-1903 03:56:05,3
230,886,03-04-1926 07:45:11,3
230,630,03-06-1932 17:51:30,2
231,777,04-12-2012 10:20:15,3
231,293,02-11-1908 19:48:31,1
231,70,01-13-1963 23:55:50,3
232,825,10-27-1925 21:48:14,3
232,839,11-03-1934 22:44:19,3
232,151,10-16-1956 18:17:51,2
233,902,07-22-2008 21:59:39,3
233,151,05-21-1937 09:36:01,2
233,207,09-19-2015 20:30:11,2
234,552,12-24-1925 09:44:56,3
234,830,11-05-1978 19:21:28,3
234,22,09-28-1934 01:18:27,3
235,9,03-20-1953 05:13:49,3
235,979,09-13-1924 20:25:27,2
235,355,05-26-2003 22:02:34,3
236,174,01-08-1973 02:30:16,1
236,51,10-20-1927 10:05:28,2
236,587,12-13-1918 04:13:51,1
237,42,05-18-2016 00:00:00,2
237,444,05-31-1921 14:23:10,2
237,676,12-03-1952 16:05:59,2
238,831,10-03-2009 05:26:03,2
238,495,02-17-1993 01:54:21,2
238,334,08-09-1950 05:41:34,2
239,700,05-20-1965 07:12:39,3
239,586,09-02-1971 00:35:36,2
239,145,05-13-1947 00:07:20,3
240,68,06-25-1910 08:07:14,3
240,628,05-24-1900 09:58:04,1
240,790,09-15-1978 22:19:32,2
241,333,04-23-1902 01:35:59,2
241,8,10-02-1995 05:53:02,2
241,460,11-02-1968 12:32:34,1
242,594,03-03-1919 19:44:10,1
242,911,10-08-2001 20:27:40,2
242,867,06-27-1912 17:10:23,3
243,1,08-02-1985 03:05:05,3
243,519,10-29-2014 06:44:02,2
243,217,11-14-2006 13:28:44,3
244,752,01-06-2010 05:05:40,3
244,637,03-21-1913 18:46:22,1
244,242,01-30-1958 14:46:37,3
245,550,02-05-2018 02:54:37,1
245,576,12-21-2008 09:44:56,3
245,725,06-19-1906 22:02:56,2
246,689,07-15-1985 17:11:15,2
246,123,03-16-1918 23:12:59,1
246,348,05-27-1995 03:51:05,3
247,387,01-04-1929 20:24:27,3
247,532,03-15-1974 13:48:26,1
247,485,09-10-1958 17:07:52,3
248,187,08-19-2021 18:10:38,2
248,221,10-15-1924 17:57:47,2
248,993,09-03-2001 15:34:18,2
249,831,07-14-1936 21:59:23,3
249,31,08-24-1922 20:56:16,1
249,789,08-19-1931 04:18:51,2
250,649,10-27-1908 08:35:07,3
250,944,08-03-1998 05:40:16,2
250,632,11-18-1915 17:54:16,3
251,755,11-26-1903 10:33:03,2
251,952,09-02-1982 05:32:07,3
251,415,12-19-1927 00:43:49,1
252,224,08-18-2004 14:33:44,3
252,377,02-04-1911 20:26:21,3
252,216,09-12-1950 01:02:38,3
253,672,03-31-1969 20:31:42,2
253,941,06-18-1936 03:08:06,1
253,533,05-29-1947 00:26:24,3
254,733,02-06-1945 22:53:39,3
254,338,06-05-1927 20:38:08,1
254,16,09-23-1922 16:43:58,2
255,293,08-21-1933 05:09:18,1
255,915,06-22-2007 05:10:44,2
255,621,06-13-1988 21:20:18,3
256,94,07-26-1955 20:28:02,3
256,841,02-27-1972 11:07:52,1
256,895,07-23-1941 16:40:31,1
257,479,02-26-1968 02:10:43,2
257,686,03-09-1970 19:38:26,2
257,311,03-21-1916 13:03:15,1
258,315,06-29-1934 23:48:40,2
258,520,06-27-1969 14:55:10,1
258,121,10-09-1943 01:15:29,2
259,768,06-19-1909 21:28:58,1
259,447,05-13-1942 15:23:17,1
259,932,07-27-1958 18:26:03,1
260,497,04-19-1965 03:48:27,1
260,195,05-31-1916 03:39:41,3
260,653,09-22-1956 14:36:01,1
261,322,01-15-1976 23:01:18,1
261,198,03-23-1914 12:29:54,2
261,674,12-24-1905 06:35:26,1
262,937,01-03-2006 08:48:17,1
262,836,07-08-1987 18:37:07,3
262,265,01-25-1965 07:43:46,3
263,714,10-23-1959 02:39:23,2
263,119,01-10-1920 10:15:40,2
263,579,04-09-1925 18:28:10,2
264,894,05-26-1911 21:20:48,1
264,171,03-04-1912 01:08:47,3
264,760,07-20-1964 04:36:53,1
265,802,09-25-2003 07:38:22,2
265,205,02-27-1923 07:46:17,1
265,491,11-28-1933 15:21:55,3
266,121,09-26-1924 22:16:07,2
266,992,07-22-1990 12:36:42,1
266,896,05-06-1942 23:38:41,3
267,417,02-19-1973 09:55:52,2
267,485,09-14-1917 03:50:55,1
267,723,02-21-2004 15:50:45,1
268,414,12-14-2019 09:14:54,1
268,519,03-24-1920 15:43:41,2
268,649,05-11-2001 03:47:42,3
269,76,09-29-1967 03:48:46,3
269,878,08-26-1905 19:48:51,3
269,514,07-09-1967 16:08:27,2
270,162,07-24-1986 09:48:16,3
270,435,07-10-1911 00:46:04,3
270,818,04-16-1988 13:06:38,2
271,210,02-01-1977 11:38:01,2
271,755,02-20-1975 07:23:04,1
271,527,12-03-1984 10:08:25,1
272,183,01-31-1942 15:25:47,2
272,613,10-13-1962 21:23:42,1
272,822,06-25-1977 13:32:24,1
273,738,01-26-1990 05:14:24,1
273,724,05-13-1958 12:06:14,2
273,231,07-05-1919 03:47:08,3
274,242,02-20-1957 14:41:32,2
274,740,08-05-2001 10:03:22,3
274,353,06-26-1902 01:16:43,3
275,507,04-03-1982 00:35:06,1
275,477,03-26-2001 21:45:29,2
275,206,02-07-1933 02:38:42,2
276,828,05-15-1969 18:47:35,2
276,753,11-27-1971 07:10:54,3
276,514,12-25-1989 10:22:11,2
277,956,03-15-1991 09:13:36,2
277,136,04-22-1916 05:17:28,2
277,489,04-30-1984 08:07:06,3
278,560,10-07-1922 03:43:40,2
278,372,06-20-2021 06:08:25,1
278,965,10-30-2006 09:09:04,3
279,454,04-05-1941 09:38:31,2
279,650,09-13-1917 19:26:01,1
279,260,05-22-1988 16:45:33,3
280,570,04-28-1930 14:24:24,2
280,929,10-05-1909 06:45:26,3
280,882,05-10-1911 22:25:04,1
281,207,08-02-1996 05:50:49,2
281,809,09-30-1958 04:25:41,3
281,717,03-23-1943 21:56:26,3
282,129,08-12-2008 20:05:20,1
282,64,06-03-2013 13:21:58,2
282,683,12-11-1939 14:42:14,2
283,209,07-11-1907 23:34:33,2
283,965,11-04-1915 00:09:10,2
283,16,10-01-1902 16:19:36,3
284,928,11-14-1935 08:04:09,2
284,223,09-17-1907 18:51:01,2
284,536,07-13-1944 12:23:00,2
285,232,07-30-2010 04:09:10,1
285,775,07-16-2009 13:01:36,3
285,848,03-12-1902 01:27:44,3
286,828,05-01-1903 16:49:36,1
286,119,01-02-2013 13:16:20,3
286,267,07-21-2001 18:37:57,2
287,614,12-28-1957 13:47:12,3
287,197,08-21-1978 03:37:14,2
287,889,08-18-1918 07:03:16,3
288,375,07-14-1917 01:01:22,1
288,982,02-18-1904 04:56:39,3
288,354,11-29-1925 20:27:19,2
289,290,05-20-2018 12:30:29,1
289,16,09-09-1971 01:39:36,1
289,546,06-02-1956 19:33:55,2
290,342,12-24-1948 13:04:57,1
290,844,08-17-1948 09:45:19,1
290,296,11-25-1905 01:30:41,1
291,333,08-19-2020 03:31:13,1
291,202,12-25-1925 21:29:21,2
291,660,02-10-1965 20:18:42,1
292,133,07-14-1978 19:09:41,2
292,475,12-22-1980 07:18:18,1
292,603,07-15-1972 04:41:59,2
293,155,11-07-2016 17:43:55,1
293,104,08-10-1992 18:42:57,2
293,302,01-07-2013 11:47:19,1
294,984,12-10-1914 17:15:34,1
294,756,07-20-1968 18:44:33,1
294,150,06-12-1933 10:00:32,3
295,833,04-11-1946 16:16:08,2
295,359,05-21-1981 01:23:20,3
295,124,01-16-1901 08:17:48,1
296,88,01-10-1948 22:15:29,1
296,894,06-30-1972 13:24:15,3
296,69,10-22-2001 04:49:37,2
297,833,06-18-1984 23:02:16,1
297,74,07-07-1922 01:33:48,2
297,898,04-06-1977 16:26:38,3
298,950,06-26-1901 10:36:30,1
298,378,04-28-1993 02:30:55,1
298,48,12-16-1930 10:13:18,3
299,556,11-30-2000 12:07:13,2
299,993,12-18-1955 01:36:41,3
299,315,04-01-1904 01:46:58,2
300,89,10-24-1983 18:01:42,2
300,849,11-18-1916 00:14:42,2
300,311,08-03-1944 18:10:20,1
301,67,12-05-1967 06:19:38,2
301,539,02-02-1907 09:38:11,2
301,325,11-03-2004 08:41:43,3
302,558,04-24-1915 01:17:59,1
302,870,12-20-1984 09:03:47,2
302,292,01-13-1953 03:25:16,2
303,992,01-09-1944 12:51:46,2
303,486,03-18-2020 04:35:41,2
303,644,07-19-1918 07:08:05,3
304,568,07-08-1995 05:36:59,2
304,337,07-15-1915 01:54:14,1
304,723,01-21-1935 18:54:53,1
305,207,06-16-1938 10:19:21,1
305,71,03-15-1908 16:59:25,3
305,813,06-29-1973 15:03:45,2
306,1,09-04-1995 17:21:02,3
306,887,02-16-1920 17:37:00,1
306,53,08-01-1977 15:13:53,3
307,846,09-28-1918 23:33:11,2
307,677,02-02-1977 07:03:00,1
307,265,04-13-1902 02:31:19,1
308,796,06-01-1962 17:25:00,3
308,269,03-02-1977 16:10:08,1
308,392,11-07-1917 03:38:52,2
309,832,02-18-1964 04:38:43,3
309,221,08-17-1996 07:39:04,1
309,535,10-22-1974 02:54:30,2
310,160,11-04-1960 02:44:32,2
310,146,09-14-1913 13:52:21,2
310,540,11-30-1995 12:33:37,2
311,650,06-06-2012 19:54:42,3
311,234,02-25-2005 19:18:18,3
311,620,02-06-1961 07:49:24,1
312,610,01-26-2016 17:19:28,1
312,152,12-13-1954 12:09:16,3
312,195,04-14-1977 06:53:15,1
313,700,10-09-1952 09:12:22,3
313,287,06-20-1946 18:45:07,3
313,336,02-07-1990 19:36:34,2
314,195,12-04-1928 08:49:21,3
314,378,12-14-2001 01:12:21,1
314,243,12-01-1960 01:47:40,3
315,395,09-04-1942 15:16:53,1
315,231,06-30-1924 15:50:35,2
315,67,09-06-1921 07:44:48,2
316,557,05-11-2019 10:14:16,2
316,850,02-16-2007 12:27:13,3
316,813,05-04-1919 06:23:47,2
317,73,01-30-1902 23:11:02,1
317,126,04-11-1958 05:23:35,3
317,647,02-04-1950 08:29:13,1
318,693,02-28-1947 11:24:16,3
318,65,07-16-2021 02:30:51,3
318,558,03-26-1905 08:23:46,2
319,839,08-30-1959 23:17:45,2
319,183,08-23-1904 18:18:16,3
319,351,12-18-1991 16:17:51,1
320,474,06-27-1930 11:18:55,3
320,695,02-25-2007 14:34:53,3
320,253,07-25-1956 15:32:06,2
321,788,01-08-1925 02:06:03,3
321,602,05-29-1989 15:45:36,3
321,674,11-03-1974 03:26:37,2
322,855,10-02-2004 08:53:13,1
322,91,08-22-1989 04:44:36,1
322,620,07-04-2014 20:36:03,2
323,739,09-10-1999 01:59:48,3
323,196,07-04-2011 09:36:57,1
323,438,04-13-1933 16:24:38,2
324,600,03-23-2018 18:17:10,3
324,515,09-11-1971 13:15:07,3
324,114,01-11-1931 12:35:22,1
325,20,07-15-2018 14:56:39,1
325,875,10-15-2003 22:25:55,1
325,616,01-08-1989 01:00:33,2
326,814,12-05-2000 05:17:32,1
326,65,09-09-1934 02:01:11,3
326,416,07-24-2017 23:02:03,1
327,868,12-06-2006 05:17:54,3
327,729,09-09-2020 03:04:27,2
327,111,07-21-1923 00:46:02,1
328,119,09-09-1978 22:54:55,2
328,752,01-14-1936 05:32:59,1
328,670,04-06-1966 22:25:41,1
329,949,10-02-1989 02:27:26,2
329,938,06-05-1918 04:30:01,3
329,242,03-09-1950 03:13:56,3
330,794,05-29-1915 01:42:34,1
330,677,02-09-1990 17:34:10,2
330,224,10-08-1981 09:04:45,3
331,908,08-17-1904 21:15:13,3
331,813,11-22-1986 12:17:37,1
331,628,02-22-1908 11:09:32,3
332,449,04-01-1977 03:02:07,2
332,124,08-28-1932 05:49:43,3
332,635,12-03-1902 14:57:45,1
333,516,11-16-1986 11:17:32,1
333,588,05-09-1972 04:43:20,3
333,350,07-21-1989 20:29:56,1
334,193,05-14-1939 21:36:11,1
334,783,04-18-1915 01:07:35,1
334,308,06-16-1903 22:58:00,2
335,797,10-31-1928 15:23:57,3
335,596,10-01-1954 12:01:12,1
335,52,11-01-1922 06:24:09,3
336,473,07-18-2012 21:53:59,2
336,246,03-22-2021 01:03:34,3
336,892,01-26-1918 12:46:05,2
337,365,11-23-1901 22:48:45,1
337,548,10-13-2018 12:29:27,1
337,465,05-01-1969 11:40:53,3
338,869,04-13-2014 20:12:52,2
338,278,01-12-1962 21:16:53,3
338,104,05-17-1996 00:55:25,2
339,41,11-14-1923 00:57:57,1
339,177,08-29-1903 09:45:13,3
339,261,09-15-1960 18:52:37,3
340,873,02-09-1967 14:42:26,3
340,984,04-09-1916 22:59:13,3
340,894,05-19-2021 19:30:50,3
341,600,02-18-1948 05:19:23,2
341,867,03-05-1924 10:47:04,2
341,294,04-26-1911 06:25:46,3
342,698,06-10-1965 02:37:17,1
342,760,12-28-1956 03:28:01,1
342,420,09-09-1952 04:51:18,1
343,757,06-24-2006 02:30:34,2
343,489,06-16-1941 01:15:45,3
343,908,03-22-1980 03:45:57,3
344,251,07-11-1907 14:08:01,3
344,238,09-12-1982 09:41:30,1
344,12,05-14-1909 15:45:08,3
345,537,11-18-1922 15:09:27,3
345,96,03-23-1990 10:04:46,3
345,914,05-14-1953 04:33:12,1
346,42,07-29-1967 05:58:18,3
346,728,08-19-1908 01:39:10,3
346,992,03-26-1935 04:17:00,1
347,759,11-25-1928 10:21:11,3
347,744,06-06-1971 14:34:57,1
347,305,01-24-1967 12:49:31,3
348,878,08-15-1964 13:26:57,3
348,807,08-08-1962 08:43:25,1
348,245,12-16-1950 01:00:43,3
349,911,04-01-1934 00:31:39,1
349,704,10-19-1964 02:55:30,2
349,654,12-09-1965 12:35:12,2
350,466,07-19-1938 14:28:50,1
350,650,07-27-1987 22:27:07,3
350,283,07-04-2012 14:45:18,1
351,682,12-09-2018 12:32:42,2
351,925,01-10-1974 10:47:56,3
351,344,06-22-1996 00:18:01,2
352,366,01-28-1922 09:07:18,2
352,186,11-12-2018 20:11:53,1
352,357,02-17-1904 03:56:05,3
353,40,06-27-2015 04:43:42,2
353,197,05-22-1949 04:24:45,3
353,623,12-28-1918 12:41:46,1
354,845,04-29-1912 05:44:10,2
354,4,07-18-1915 23:55:57,2
354,15,02-22-1912 10:37:12,2
355,961,09-23-1904 09:56:18,2
355,210,02-27-2021 05:13:24,3
355,51,09-29-1927 17:46:56,3
356,216,03-02-1966 23:41:03,3
356,130,04-17-1949 17:17:32,1
356,928,03-17-1924 16:31:50,1
357,350,03-10-1904 01:00:02,2
357,182,12-27-1953 11:31:46,2
357,455,01-20-1989 22:21:51,2
358,99,11-24-1926 11:07:48,2
358,643,02-08-1916 11:35:21,2
358,947,10-12-2021 17:53:40,1
359,525,03-10-1933 23:46:15,2
359,334,02-28-1954 01:32:23,2
359,319,10-21-1941 10:34:43,2
360,91,12-17-2007 03:03:54,2
360,182,07-11-1959 21:12:16,1
360,286,05-17-1943 02:40:15,2
361,330,05-23-1931 04:18:26,2
361,847,09-06-1988 17:19:13,2
361,879,09-18-1997 09:02:06,1
362,199,04-02-1906 01:20:07,2
362,731,08-21-1990 02:58:02,1
362,560,11-30-1998 05:53:31,1
363,936,02-08-1999 07:38:41,3
363,457,11-27-1926 10:54:21,2
363,152,12-29-2001 05:30:57,1
364,799,09-10-1972 10:58:38,3
364,743,09-05-1904 12:32:39,2
364,151,01-21-1950 01:45:56,3
365,74,05-18-1989 05:58:01,2
365,178,10-18-1908 22:49:48,2
365,906,09-06-1977 13:59:23,1
366,156,12-26-1932 20:08:45,3
366,382,02-02-1942 09:13:19,1
366,536,07-28-2001 08:49:09,1
367,367,06-06-1972 00:17:18,3
367,402,11-11-1948 18:14:18,1
367,169,03-25-1984 16:40:57,3
368,224,10-07-2013 23:20:26,2
368,651,02-14-1975 14:06:30,2
368,902,01-20-1995 18:09:36,2
369,614,09-29-2009 06:17:41,2
369,573,03-16-1902 03:43:19,1
369,416,02-21-1921 20:27:58,1
370,814,03-01-1951 05:18:34,3
370,230,06-02-1958 13:48:25,1
370,772,04-21-1959 00:17:55,2
371,456,08-28-1987 05:40:56,1
371,43,10-06-2004 07:52:46,3
371,345,04-30-1960 08:58:26,2
372,409,07-28-1927 23:34:04,3
372,567,09-12-2005 12:58:00,3
372,884,11-03-1903 20:08:28,3
373,833,11-04-2012 23:31:14,1
373,78,06-03-1956 08:59:47,1
373,799,12-29-1901 22:43:05,1
374,360,09-23-1925 00:11:50,3
374,688,12-17-2019 18:42:18,1
374,692,03-30-1923 08:44:44,2
375,282,04-04-1979 02:23:12,3
375,313,02-18-1988 02:17:41,2
375,105,11-16-1916 10:29:09,3
376,899,07-25-2010 07:07:27,2
376,4,08-22-1932 17:44:53,3
376,434,12-29-1925 13:05:49,3
377,567,01-08-1944 02:25:35,3
377,608,04-02-1966 22:02:30,3
377,623,02-07-1961 06:31:04,2
378,23,12-09-1920 22:47:08,1
378,886,05-03-2015 22:39:44,2
378,461,09-27-2014 13:53:51,1
379,77,11-14-2003 15:24:15,2
379,886,09-29-1920 03:06:33,2
379,544,09-24-1965 09:58:07,3
380,610,05-09-2002 06:58:20,1
380,567,09-13-1984 20:23:32,2
380,560,07-21-2004 15:42:08,2
381,147,02-16-2016 08:59:53,1
381,304,01-22-1978 11:11:17,1
381,747,01-09-2015 09:55:35,1
382,801,04-23-1913 00:50:01,3
382,155,06-12-2004 15:18:15,2
382,786,07-09-1976 04:04:30,1
383,39,05-26-1958 01:37:16,2
383,2,10-08-1946 00:44:19,3
383,788,01-28-1991 01:56:27,3
384,603,02-21-1935 13:39:57,2
384,212,08-03-1963 11:39:46,1
384,960,05-03-1904 15:47:20,2
385,621,11-21-1971 14:05:28,2
385,591,07-13-1913 19:18:58,1
385,411,08-14-1905 10:53:56,3
386,823,02-14-1943 20:15:04,1
386,476,02-26-2003 22:57:55,2
386,50,10-04-1973 03:29:17,1
387,992,01-24-1938 14:56:01,1
387,446,12-23-1958 16:58:32,3
387,68,02-14-1958 08:24:54,2
388,719,08-13-1959 05:05:42,1
388,229,03-19-1997 00:35:19,1
388,139,03-26-2013 16:46:53,2
389,515,01-27-1988 02:21:14,2
389,529,01-25-2009 01:44:42,1
389,142,10-26-1975 13:41:32,1
390,1,08-07-1990 04:04:51,3
390,4,08-29-2019 11:31:35,3
390,797,02-25-1989 18:04:29,1
391,92,07-18-2021 23:17:59,3
391,130,08-24-1921 01:12:08,2
391,631,10-30-1965 16:28:50,2
392,272,11-01-1947 20:26:02,1
392,102,08-11-1927 15:56:12,2
392,48,03-22-1990 10:08:45,2
393,645,08-24-1916 19:41:40,1
393,278,06-22-2012 10:26:30,1
393,958,09-26-1971 00:43:23,2
394,875,02-07-1920 17:04:17,2
394,420,12-29-1972 01:09:19,2
394,163,04-25-1925 16:26:10,3
395,444,10-03-1905 23:58:00,2
395,372,09-29-1954 14:55:37,3
395,894,09-20-2019 22:41:02,1
396,998,12-13-1915 09:28:49,3
396,789,09-02-1996 19:33:05,1
396,175,03-25-1926 10:00:45,2
397,758,08-08-1918 09:55:01,2
397,758,04-16-1967 21:38:05,1
397,125,10-28-1963 15:12:42,2
398,374,02-20-2021 05:01:26,1
398,298,10-06-1908 18:23:04,2
398,521,08-06-1917 01:02:45,2
399,449,07-13-1937 04:59:01,1
399,919,10-28-1996 13:14:15,3
399,391,09-04-1963 01:44:31,3
400,945,07-13-1912 17:14:40,1
400,206,07-04-1952 13:27:57,3
400,107,11-19-2004 15:49:30,1
401,299,01-02-1900 20:21:19,2
401,142,02-17-1918 21:37:23,1
401,224,03-12-1910 19:25:01,2
402,409,03-10-1958 02:17:39,1
402,163,04-30-1999 23:38:23,2
402,443,07-06-1993 02:39:06,2
403,456,09-20-1904 07:58:10,2
403,551,08-04-1931 14:53:42,3
403,723,08-01-1954 19:12:41,1
404,269,04-10-1918 07:13:51,2
404,962,11-11-1995 20:31:43,3
404,772,09-12-2016 07:21:29,3
405,760,03-23-1951 04:14:55,2
405,212,04-26-1960 09:01:16,3
405,923,03-24-1963 10:10:59,3
406,710,03-12-1954 22:44:44,3
406,237,05-14-1936 17:40:00,2
406,558,04-01-1964 02:28:27,3
407,236,01-14-1935 20:12:27,3
407,889,04-13-1969 10:29:24,1
407,744,09-20-1914 10:45:13,3
408,212,03-18-1946 15:08:19,3
408,683,06-03-1970 11:24:40,3
408,837,12-06-1958 18:11:35,3
409,622,06-23-2009 18:06:41,1
409,532,03-22-1933 03:06:27,1
409,409,06-20-1949 05:28:25,2
410,357,06-14-2006 19:38:00,1
410,520,01-31-2018 08:00:14,3
410,634,10-29-1953 03:42:18,2
411,353,12-03-1973 01:51:38,1
411,291,03-13-1912 04:07:44,2
411,602,07-03-1933 01:40:20,2
412,896,02-22-1924 23:14:13,2
412,507,02-15-1962 17:29:07,3
412,872,09-17-1920 08:53:32,3
413,631,05-24-1969 06:03:46,1
413,480,03-11-1969 12:09:03,3
413,427,04-29-1960 17:52:23,1
414,46,11-04-1910 11:52:08,3
414,502,04-12-2018 14:08:42,3
414,788,12-19-1933 02:29:09,2
415,968,02-18-2003 21:51:46,3
415,308,10-27-2005 15:02:15,3
415,378,11-19-1933 16:47:46,1
416,635,11-29-2011 07:45:58,3
416,650,03-27-1935 11:41:08,3
416,641,07-03-1942 01:51:40,3
417,611,02-16-1900 05:41:14,3
417,734,04-12-1910 07:12:01,2
417,968,01-05-1952 04:59:12,1
418,842,09-19-1924 05:23:49,1
418,752,11-07-1923 15:48:23,1
418,541,09-06-1940 10:52:38,3
419,297,12-26-2005 14:37:08,3
419,694,11-16-1950 19:26:09,2
419,70,04-08-1921 15:55:37,2
420,906,03-17-2008 19:25:45,2
420,823,12-21-2012 05:46:45,2
420,166,04-20-1990 23:47:01,2
421,793,06-07-1943 10:38:10,2
421,695,11-20-1992 02:35:41,1
421,344,11-02-1962 05:19:02,3
422,12,08-19-2014 13:21:01,3
422,56,04-06-1944 02:09:31,2
422,382,04-16-2018 03:10:02,2
423,523,02-21-1998 11:28:38,2
423,765,07-14-1959 05:13:47,3
423,147,04-11-1979 07:47:18,2
424,254,03-03-1987 12:46:58,3
424,435,03-10-1939 15:04:44,1
424,347,02-27-1919 18:21:56,2
425,60,03-18-1929 15:01:04,2
425,531,05-07-1966 23:54:49,3
425,303,09-27-1941 06:15:46,1
426,7,03-24-1911 06:17:28,3
426,794,10-08-1970 01:29:52,1
426,724,07-15-1909 15:34:12,3
427,960,07-18-1954 08:12:28,1
427,473,07-03-1928 18:51:48,3
427,801,10-20-2006 11:14:06,2
428,794,02-16-2001 20:09:25,2
428,5,11-20-1971 21:17:53,2
428,2,09-11-1936 01:02:51,3
429,864,07-31-1976 09:01:43,2
429,471,03-01-1915 05:20:12,2
429,870,06-04-1978 07:23:20,1
430,202,10-07-1913 04:32:37,1
430,346,05-02-1924 05:28:14,3
430,755,12-14-2005 08:23:01,3
431,296,02-04-1996 11:50:22,1
431,40,09-18-1992 16:41:55,3
431,232,03-21-1945 09:17:45,3
432,543,07-21-1978 06:26:05,3
432,950,11-19-2021 10:20:12,3
432,207,04-10-1992 11:59:16,2
433,419,02-03-1985 06:45:50,2
433,746,02-20-2010 04:21:14,1
433,122,10-31-1957 13:45:29,3
434,903,05-31-2009 06:14:14,1
434,488,02-15-1990 11:00:20,3
434,728,12-01-1989 12:28:54,2
435,685,10-27-1938 13:39:27,2
435,753,07-14-1918 01:16:09,3
435,540,04-27-1923 18:35:22,2
436,483,06-14-1925 14:47:29,1
436,831,05-29-1917 16:43:47,2
436,322,02-10-1961 13:50:10,2
437,723,11-13-1927 04:00:34,3
437,373,06-18-1963 02:11:41,1
437,188,03-31-1969 14:23:20,2
438,983,07-10-1964 17:37:34,3
438,459,04-05-1955 04:01:12,1
438,665,12-17-1974 12:06:39,1
439,664,04-07-1987 19:04:41,1
439,42,11-06-1906 10:40:25,3
439,568,08-14-1915 15:20:17,3
440,26,05-04-1914 18:06:10,2
440,996,04-13-1918 11:43:25,3
440,884,11-09-1993 13:08:06,1
441,823,10-11-1993 15:31:33,1
441,668,03-08-2003 11:04:31,2
441,536,07-28-1948 16:18:52,2
442,448,08-17-2009 16:49:28,3
442,229,06-30-2006 06:48:26,3
442,65,07-24-1933 12:44:42,3
443,753,02-21-2019 04:28:38,2
443,282,08-19-1936 16:19:01,1
443,29,03-28-1944 21:04:44,2
444,754,10-14-1932 02:49:09,1
444,684,12-24-1930 16:47:09,1
444,730,02-01-1900 20:16:47,2
445,458,10-20-1955 01:49:27,3
445,138,06-20-2009 01:43:06,2
445,981,07-10-1959 18:23:04,2
446,460,05-13-1966 03:18:09,1
446,227,08-07-1947 03:40:43,1
446,165,06-19-1903 08:13:26,2
447,513,06-30-1917 09:24:19,1
447,968,03-08-2018 12:54:21,1
447,19,05-12-2021 15:42:12,1
448,455,09-26-2006 08:04:08,2
448,699,03-21-1941 03:12:01,3
448,924,12-23-1992 03:44:33,2
449,303,09-18-2003 17:21:08,3
449,562,10-20-1975 06:21:54,3
449,739,07-24-1901 12:51:10,2
450,760,08-20-2005 14:51:56,3
450,20,02-19-1923 12:47:02,2
450,171,04-05-2015 23:51:04,3
451,457,08-24-1942 11:01:54,2
451,631,01-04-2015 17:06:21,1
451,665,08-25-1921 08:28:35,1
452,992,10-22-1958 12:15:02,3
452,40,04-02-1946 15:17:18,1
452,86,08-12-1992 17:39:46,1
453,890,09-15-2005 14:59:21,2
453,71,08-31-1953 22:33:21,2
453,842,10-17-2006 02:22:17,3
454,463,07-23-1927 07:34:25,1
454,41,05-14-1903 14:41:47,1
454,947,02-12-2010 15:56:15,2
455,441,11-22-1954 09:42:38,2
455,113,01-01-1956 04:55:35,2
455,151,01-03-1978 12:36:01,3
456,680,07-31-1941 18:49:25,2
456,177,11-01-1960 06:58:55,2
456,143,11-02-1918 14:15:16,2
457,906,10-24-1974 15:31:34,1
457,364,02-26-1983 08:37:44,3
457,518,01-19-1993 17:30:08,3
458,489,01-01-1934 16:12:03,2
458,465,03-17-1929 04:07:15,1
458,898,09-11-1989 18:05:29,1
459,601,05-09-2018 22:54:54,2
459,600,04-15-1920 22:36:34,1
459,970,03-07-1988 02:12:00,2
460,184,06-09-2011 09:20:10,1
460,846,04-21-1915 00:41:47,2
460,552,11-27-1920 19:38:13,2
461,186,05-26-2019 12:07:20,1
461,887,03-19-1960 12:01:46,3
461,811,06-11-1917 16:24:03,2
462,786,06-10-1902 18:32:29,3
462,143,07-29-1940 04:15:53,2
462,338,07-16-1943 21:07:17,3
463,835,03-30-2017 15:49:10,1
463,539,01-08-2011 22:04:22,2
463,660,01-18-2013 01:48:37,2
464,990,12-16-2004 07:14:09,3
464,238,05-13-1986 01:50:13,3
464,661,05-13-2012 09:52:25,3
465,897,11-04-1940 04:27:16,2
465,154,10-02-2006 18:39:05,1
465,972,03-23-1950 01:51:04,2
466,59,11-17-1906 18:10:24,3
466,557,04-17-1967 04:50:14,1
466,114,05-22-1978 01:37:50,2
467,191,05-31-1945 22:48:46,1
467,343,07-02-2010 15:14:27,2
467,874,08-12-1910 17:34:47,2
468,524,08-25-1995 07:24:21,3
468,324,01-07-2017 10:57:05,1
468,558,01-10-1954 09:24:16,2
469,560,10-02-1913 03:38:12,2
469,18,08-04-1930 21:10:38,3
469,709,01-18-1993 04:36:51,2
470,743,03-18-1904 18:06:02,3
470,973,05-28-1941 14:49:58,1
470,557,06-02-1924 11:49:33,2
471,294,09-07-1981 05:27:14,1
471,957,08-09-1938 06:12:53,2
471,7,09-30-2016 14:42:44,3
472,798,02-13-2004 18:45:14,1
472,463,04-07-1903 08:23:45,1
472,632,09-13-1928 09:35:27,1
473,806,12-09-1963 19:52:46,1
473,724,01-12-2019 01:15:11,3
473,321,01-21-2013 02:15:51,3
474,663,09-30-1986 15:32:49,2
474,474,06-25-1982 13:51:17,2
474,750,11-13-1902 18:09:58,1
475,743,05-02-1917 05:29:46,3
475,83,07-18-1932 05:49:03,3
475,304,06-15-1995 11:17:01,1
476,143,08-17-1930 01:07:48,3
476,767,12-23-1939 01:22:14,3
476,998,02-18-2016 13:09:38,3
477,989,05-31-1921 12:03:15,1
477,314,04-26-2012 14:33:29,3
477,917,11-30-1925 06:40:23,2
478,475,11-05-1900 00:47:19,3
478,593,03-18-2018 16:04:14,3
478,153,10-09-2011 07:11:30,2
479,136,01-23-2019 06:36:05,3
479,331,11-17-1950 17:07:20,2
479,984,11-28-1966 03:03:10,2
480,148,01-01-2012 04:41:00,1
480,28,12-08-1974 22:44:47,3
480,762,01-19-1913 13:51:05,2
481,777,11-23-1993 23:44:30,2
481,633,07-19-1989 12:14:20,3
481,361,04-16-2014 05:56:41,1
482,435,10-16-1972 06:18:07,2
482,310,06-08-1946 18:39:25,3
482,849,01-07-1918 01:29:35,1
483,230,08-07-1912 16:08:44,3
483,926,10-31-1928 02:22:32,2
483,547,07-16-1975 12:54:35,3
484,377,06-18-1918 16:07:47,2
484,2,01-25-1903 10:19:05,1
484,176,10-22-1986 01:44:22,2
485,980,04-12-1948 05:36:32,3
485,500,01-15-1934 03:49:45,3
485,464,10-23-1961 11:55:57,2
486,267,04-06-1901 03:25:01,3
486,194,04-02-1941 17:15:21,2
486,60,12-26-2006 03:15:50,2
487,395,01-31-1980 05:30:36,2
487,176,09-21-2015 04:42:07,1
487,152,02-17-1995 22:14:13,1
488,793,01-17-2018 19:10:34,1
488,709,05-15-2016 20:46:51,1
488,529,03-26-1997 21:19:04,1
489,509,05-24-1969 12:39:14,1
489,540,04-15-1966 07:42:13,1
489,108,07-29-1996 17:55:45,3
490,686,02-12-1987 11:04:24,2
490,557,10-04-1904 09:24:50,1
490,736,11-22-2016 10:14:21,3
491,932,07-20-2004 21:40:45,3
491,62,06-22-2020 11:09:38,3
491,561,03-31-1966 12:54:36,3
492,355,06-15-1923 19:22:55,3
492,141,11-02-2016 00:52:22,2
492,47,08-25-1931 02:06:28,2
493,763,07-22-1939 06:37:42,2
493,992,12-17-1982 16:16:08,2
493,813,07-07-1993 21:14:00,2
494,185,07-23-1983 20:13:23,2
494,263,01-14-2006 13:26:19,1
494,197,04-10-1917 02:47:39,2
495,198,09-01-1952 12:07:14,1
495,116,09-07-1980 12:26:23,2
495,216,01-30-1907 12:40:12,3
496,107,08-10-1944 03:44:42,3
496,882,09-30-1953 04:39:40,2
496,421,10-20-1947 14:27:53,2
497,304,06-14-1912 16:12:09,3
497,60,08-03-1902 15:21:43,1
497,173,10-24-1915 11:07:24,2
498,240,09-20-1941 14:08:16,2
498,701,09-13-1924 20:15:16,2
498,303,04-14-1917 22:05:05,2
499,500,01-08-1916 03:02:18,1
499,380,02-02-1966 08:43:12,2
499,452,12-27-1988 17:51:55,2
